-- MySQL dump 10.16  Distrib 10.2.6-MariaDB, for Win32 (AMD64)
--
-- Host: localhost    Database: hogar
-- ------------------------------------------------------
-- Server version	10.2.6-MariaDB

/*!40101 SET @OLD_CHARACTER_SET_CLIENT=@@CHARACTER_SET_CLIENT */;
/*!40101 SET @OLD_CHARACTER_SET_RESULTS=@@CHARACTER_SET_RESULTS */;
/*!40101 SET @OLD_COLLATION_CONNECTION=@@COLLATION_CONNECTION */;
/*!40101 SET NAMES utf8 */;
/*!40103 SET @OLD_TIME_ZONE=@@TIME_ZONE */;
/*!40103 SET TIME_ZONE='+00:00' */;
/*!40014 SET @OLD_UNIQUE_CHECKS=@@UNIQUE_CHECKS, UNIQUE_CHECKS=0 */;
/*!40014 SET @OLD_FOREIGN_KEY_CHECKS=@@FOREIGN_KEY_CHECKS, FOREIGN_KEY_CHECKS=0 */;
/*!40101 SET @OLD_SQL_MODE=@@SQL_MODE, SQL_MODE='NO_AUTO_VALUE_ON_ZERO' */;
/*!40111 SET @OLD_SQL_NOTES=@@SQL_NOTES, SQL_NOTES=0 */;

--
-- Table structure for table `articulos`
--

DROP TABLE IF EXISTS `articulos`;
/*!40101 SET @saved_cs_client     = @@character_set_client */;
/*!40101 SET character_set_client = utf8 */;
CREATE TABLE `articulos` (
  `id_articulo` int(11) NOT NULL AUTO_INCREMENT,
  `articulo` varchar(50) NOT NULL DEFAULT '0',
  `id_categoria_fk` int(11) NOT NULL DEFAULT 0,
  `cantidad` int(11) NOT NULL DEFAULT 0,
  PRIMARY KEY (`id_articulo`)
) ENGINE=InnoDB DEFAULT CHARSET=utf8;
/*!40101 SET character_set_client = @saved_cs_client */;

--
-- Dumping data for table `articulos`
--

LOCK TABLES `articulos` WRITE;
/*!40000 ALTER TABLE `articulos` DISABLE KEYS */;
/*!40000 ALTER TABLE `articulos` ENABLE KEYS */;
UNLOCK TABLES;

--
-- Table structure for table `categorias`
--

DROP TABLE IF EXISTS `categorias`;
/*!40101 SET @saved_cs_client     = @@character_set_client */;
/*!40101 SET character_set_client = utf8 */;
CREATE TABLE `categorias` (
  `id_categoria` tinyint(4) NOT NULL AUTO_INCREMENT,
  `nombre` varchar(50) NOT NULL DEFAULT '0',
  `importe` double NOT NULL DEFAULT 0,
  PRIMARY KEY (`id_categoria`)
) ENGINE=InnoDB AUTO_INCREMENT=9 DEFAULT CHARSET=utf8;
/*!40101 SET character_set_client = @saved_cs_client */;

--
-- Dumping data for table `categorias`
--

LOCK TABLES `categorias` WRITE;
/*!40000 ALTER TABLE `categorias` DISABLE KEYS */;
INSERT INTO `categorias` VALUES (1,'Categoria 1',50),(2,'Categoria 2',70),(3,'Categoria 3',100),(4,'Categoria 4',150),(5,'Categoria 5',200),(6,'Categoria 6',500),(7,'Categoria 7',1000),(8,'Categoria 8',30);
/*!40000 ALTER TABLE `categorias` ENABLE KEYS */;
UNLOCK TABLES;

--
-- Table structure for table `categorias_articulos`
--

DROP TABLE IF EXISTS `categorias_articulos`;
/*!40101 SET @saved_cs_client     = @@character_set_client */;
/*!40101 SET character_set_client = utf8 */;
CREATE TABLE `categorias_articulos` (
  `id_categoria` int(11) NOT NULL AUTO_INCREMENT,
  `categoria` varchar(50) NOT NULL DEFAULT '0',
  `is_ingreso` tinyint(4) NOT NULL DEFAULT 0,
  PRIMARY KEY (`id_categoria`)
) ENGINE=InnoDB DEFAULT CHARSET=utf8;
/*!40101 SET character_set_client = @saved_cs_client */;

--
-- Dumping data for table `categorias_articulos`
--

LOCK TABLES `categorias_articulos` WRITE;
/*!40000 ALTER TABLE `categorias_articulos` DISABLE KEYS */;
/*!40000 ALTER TABLE `categorias_articulos` ENABLE KEYS */;
UNLOCK TABLES;

--
-- Table structure for table `ciclos`
--

DROP TABLE IF EXISTS `ciclos`;
/*!40101 SET @saved_cs_client     = @@character_set_client */;
/*!40101 SET character_set_client = utf8 */;
CREATE TABLE `ciclos` (
  `id_ciclo` int(11) NOT NULL AUTO_INCREMENT,
  `ciclo` varchar(50) NOT NULL DEFAULT '0',
  PRIMARY KEY (`id_ciclo`)
) ENGINE=InnoDB AUTO_INCREMENT=7 DEFAULT CHARSET=utf8;
/*!40101 SET character_set_client = @saved_cs_client */;

--
-- Dumping data for table `ciclos`
--

LOCK TABLES `ciclos` WRITE;
/*!40000 ALTER TABLE `ciclos` DISABLE KEYS */;
INSERT INTO `ciclos` VALUES (1,'Mensual'),(2,'Bimensual'),(3,'Trimestral'),(4,'Cuatrimestral'),(5,' Semestral'),(6,'Anual');
/*!40000 ALTER TABLE `ciclos` ENABLE KEYS */;
UNLOCK TABLES;

--
-- Table structure for table `contribuyentes`
--

DROP TABLE IF EXISTS `contribuyentes`;
/*!40101 SET @saved_cs_client     = @@character_set_client */;
/*!40101 SET character_set_client = utf8 */;
CREATE TABLE `contribuyentes` (
  `id_contribuyente` int(11) NOT NULL AUTO_INCREMENT,
  `nombre` varchar(50) NOT NULL DEFAULT '0',
  `apellido` varchar(50) NOT NULL DEFAULT '0',
  `id_categoria_fk` tinyint(4) NOT NULL DEFAULT 0,
  `id_ciclo_fk` tinyint(4) NOT NULL DEFAULT 0,
  `mes` tinyint(4) NOT NULL DEFAULT 0,
  `estado` tinyint(4) NOT NULL DEFAULT 0,
  `fecha_alta` date NOT NULL,
  `modificado` timestamp NOT NULL DEFAULT current_timestamp() ON UPDATE current_timestamp(),
  `domicilio` varchar(50) NOT NULL,
  `telefono` varchar(12) NOT NULL,
  PRIMARY KEY (`id_contribuyente`),
  KEY `apellido` (`apellido`)
) ENGINE=InnoDB AUTO_INCREMENT=198 DEFAULT CHARSET=utf8;
/*!40101 SET character_set_client = @saved_cs_client */;

--
-- Dumping data for table `contribuyentes`
--

LOCK TABLES `contribuyentes` WRITE;
/*!40000 ALTER TABLE `contribuyentes` DISABLE KEYS */;
INSERT INTO `contribuyentes` VALUES (1,'Juana María','Acosta',4,1,1,0,'2017-05-01','2017-11-03 12:46:27','',''),(2,'Alcides','Acosta',1,1,1,1,'2017-05-01','2017-05-03 05:12:41','',''),(3,'Iris','Allío',1,1,1,1,'2017-05-01','2017-05-03 05:12:52','',''),(4,'Mario','Allío',1,1,1,1,'2017-05-01','2017-05-03 05:13:04','',''),(6,'Miguel','Allío',1,1,1,0,'2017-05-01','2017-11-03 12:46:43','',''),(7,'Orlando','Allío',1,1,1,1,'2017-05-01','2017-05-03 05:13:24','',''),(8,'Edy','Alonso',1,1,1,1,'2017-05-01','2017-05-03 05:13:41','',''),(9,'Hilda','Altez',1,1,1,1,'2017-05-01','2017-05-03 05:13:49','',''),(10,'Rosaura','Alayon',1,1,1,1,'2017-05-01','2017-05-03 05:14:03','',''),(11,'Pedro','Aycaguer',3,1,1,1,'2017-05-01','2017-05-03 05:14:35','',''),(12,'Federico','Aispurú',1,1,1,1,'2017-05-01','2017-05-03 05:14:48','',''),(13,'Edinson','Amarilla',1,1,1,1,'2017-05-01','2017-05-03 05:15:28','',''),(14,'Andrea','Baldivieso',1,1,1,1,'2017-05-01','2017-05-03 05:16:12','',''),(15,'Ernesto','Barfeld',1,1,1,1,'2017-05-01','2017-05-03 05:16:24','',''),(16,'Violeta','Barboza',1,1,1,1,'2017-05-01','2017-05-03 05:16:33','',''),(17,'Flory','Benech',1,1,1,1,'2017-05-01','2017-05-03 05:16:44','',''),(18,'Manuela','Becerra',1,1,1,0,'2017-05-01','2017-11-03 12:47:11','',''),(19,'Esteban','Brun',3,1,1,1,'2017-05-01','2017-05-03 05:17:08','',''),(20,'Mima','Brun',3,1,1,1,'2017-05-01','2017-05-03 05:17:22','',''),(21,'Julia','Brun',1,1,1,1,'2017-05-01','2017-05-03 05:17:38','',''),(22,'Enrique','Boronat',1,1,1,1,'2017-05-01','2017-05-03 05:17:48','',''),(23,'Jorge','Boronat',1,1,1,1,'2017-05-01','2017-05-03 05:18:00','',''),(24,'Josefa','Bonino',4,1,1,1,'2017-05-01','2017-05-03 05:18:17','',''),(25,'Estela','Brun',1,1,1,1,'2017-05-01','2017-05-03 05:18:31','',''),(26,'Carlos','Bachino',3,1,1,0,'2017-05-01','2017-09-13 12:31:29','Dr. Corbo c/Constituyente',''),(27,'Julia','Bachino',1,1,1,1,'2017-05-01','2017-05-03 05:18:58','',''),(28,'Perla','Barrios',3,1,1,1,'2017-05-01','2017-05-03 05:19:10','',''),(30,'Doris','Bonjour',1,1,1,1,'2017-05-01','2017-05-03 05:19:21','',''),(31,'Mirna','Bareño',1,1,1,1,'2017-05-01','2017-05-03 05:19:36','',''),(32,'Carlos','Caballero',1,1,1,1,'2017-05-01','2017-05-09 03:24:50','',''),(33,'Maristella','Cabrera',1,1,1,1,'2017-05-01','2017-05-09 03:25:06','',''),(34,'Carlos','Carnales',1,1,1,1,'2017-05-01','2017-05-09 03:25:17','',''),(35,'Marisol','Cáceres',1,1,1,0,'2017-05-01','2017-11-03 12:47:36','',''),(36,'Rafael','Cardozo',1,1,1,1,'2017-05-01','2017-11-18 12:25:12','',''),(37,'Yanet','Correa',1,1,1,1,'2017-05-01','2017-05-09 03:26:06','',''),(38,'Patricia','Correa',1,1,1,1,'2017-05-01','2017-05-09 03:26:15','',''),(39,'Miriam','Ciresa',1,1,1,1,'2017-05-01','2017-05-09 03:26:29','',''),(40,'Angel','Casella',3,1,1,1,'2017-05-01','2017-05-09 03:26:42','',''),(41,'Daniel','Campos',1,1,1,1,'2017-05-01','2017-05-09 03:26:52','',''),(42,'Carmen','Casaña',1,1,1,1,'2017-05-01','2017-05-09 03:27:07','',''),(43,'Fausto','Castaño',1,1,1,1,'2017-05-01','2017-05-09 03:27:19','',''),(44,'Nelson','Correa González',1,1,1,1,'2017-05-01','2017-05-09 03:27:35','',''),(45,'Idalia','Decuadro',1,1,1,1,'2017-05-01','2017-05-09 03:28:31','',''),(46,'Julio','Denis',1,1,1,1,'2017-05-01','2017-05-09 03:28:39','',''),(47,'Alido','Del Barrio',1,1,1,0,'2017-05-01','2017-09-13 12:29:28','',''),(48,'Francisco','Dianessi',3,1,1,1,'2017-05-01','2017-05-09 03:29:03','',''),(49,'Andrea','Durán',1,1,1,1,'2017-05-01','2017-05-09 03:29:14','',''),(50,'Leticia','Díaz',3,1,1,1,'2017-05-01','2017-05-09 03:29:27','',''),(51,'Elida','De los Santos',1,1,1,1,'2017-05-01','2017-05-09 03:29:37','',''),(52,'Sebastián','Elizondo',3,1,1,1,'2017-05-01','2017-05-09 03:29:54','',''),(53,'Dardo','Elizondo',1,1,1,0,'2017-05-01','2017-11-03 12:48:10','',''),(54,'Carlos','Escamendi',1,1,1,0,'2017-05-01','2017-07-31 15:40:04','',''),(55,'Armando','Elverdi',1,1,1,1,'2017-05-01','2017-05-09 03:31:04','',''),(56,'Gonzalo','Echeto',2,1,1,1,'2017-05-01','2017-05-09 03:31:18','',''),(57,'Antonio','Fernández',1,1,1,1,'2017-05-01','2017-05-09 03:31:54','',''),(58,'Raúl','Fernández',1,1,1,1,'2017-05-01','2017-05-09 03:32:00','',''),(59,'Martín','Ferreira',1,1,1,1,'2017-05-01','2017-05-09 03:32:12','',''),(61,'Margot','Ferreira',1,1,1,1,'2017-05-01','2017-05-09 03:32:20','',''),(62,'Juan Carlos','Fuentes',1,1,1,1,'2017-05-01','2017-05-09 03:32:31','',''),(63,'Carlos Julio','Fonseca',1,1,1,1,'2017-05-01','2017-05-09 03:32:46','',''),(64,'Romina','Falchi',1,1,1,0,'2017-05-01','2017-11-03 12:48:41','',''),(65,'Jorge','Graña',1,1,1,1,'2017-05-01','2017-05-09 03:33:05','',''),(66,'Vilda','Graña',3,1,1,1,'2017-05-01','2017-05-09 03:33:16','',''),(67,'Teresa','Graña',3,1,1,1,'2017-05-01','2017-05-09 03:33:33','',''),(68,'Olga','Graña',3,1,1,0,'2017-05-01','2017-09-13 12:30:38','',''),(69,'Fredy','Graña',1,1,1,0,'2017-05-01','2017-11-03 12:49:04','',''),(70,'Aurelia','Graña',3,1,1,1,'2017-05-01','2017-05-09 03:34:30','',''),(71,'Adolfo','Gauna',3,1,1,0,'2017-05-01','2017-11-03 12:49:21','',''),(72,'Rosario','Giménez',1,1,1,1,'2017-05-01','2017-05-09 03:34:59','',''),(73,'Gabriela','González',1,1,1,1,'2017-05-01','2017-05-09 03:35:13','',''),(74,'Estela','González',1,1,1,1,'2017-05-01','2017-05-09 03:35:20','',''),(75,'Atilio','García',5,1,1,1,'2017-05-01','2017-05-09 03:35:33','',''),(76,'Gloria','García',1,1,1,1,'2017-05-01','2017-05-09 03:35:47','',''),(77,'Magdalena','García',1,1,1,0,'2017-05-01','2017-11-03 12:49:44','',''),(78,'Irma','Gonnet',1,1,1,1,'2017-05-01','2017-05-09 03:36:06','',''),(79,'Aurelio','Gómez',1,1,1,0,'2017-05-01','2017-09-13 12:31:11','',''),(80,'Nylia','Gonnet',1,1,1,1,'2017-05-01','2017-05-09 03:36:33','',''),(81,'Chavela','García',1,1,1,1,'2017-05-01','2017-05-09 03:36:46','',''),(82,'Margarito','Gómez',1,1,1,1,'2017-05-01','2017-05-09 03:37:00','',''),(83,'María','Lapenne',3,1,1,1,'2017-05-01','2017-05-09 03:37:35','',''),(84,'Elda','Larracharte',1,1,1,1,'2017-05-01','2017-05-09 03:38:12','',''),(85,'Zelmar','Luzardo',1,1,1,1,'2017-05-01','2017-05-09 03:38:25','',''),(86,'Silvia','Lorenzo',1,1,1,0,'2017-05-01','2017-11-03 12:50:03','',''),(87,'Martín','Long',1,1,1,1,'2017-05-01','2017-05-09 03:38:42','',''),(88,'Liga','Femenina Valdense',1,1,1,1,'2017-05-01','2017-05-09 03:39:13','',''),(89,'Rosa','Machado',5,1,1,1,'2017-05-01','2017-05-09 03:39:26','',''),(90,'Cristina','Medeiros',3,1,1,1,'2017-05-01','2017-05-09 03:39:38','',''),(91,'Sandra','Miraballes',1,1,1,0,'2017-05-01','2017-11-03 12:50:22','',''),(92,'Nélida','Morales',1,1,1,1,'2017-05-01','2017-05-09 03:40:07','',''),(93,'Elda','Morales',1,1,1,1,'2017-05-01','2017-05-09 03:40:20','',''),(94,'Sandro','Martínez',3,1,1,1,'2017-05-01','2017-05-09 03:40:35','',''),(95,'María Dolores','Moreno',1,1,1,1,'2017-05-01','2017-05-09 03:40:51','',''),(96,'María José','Marán',3,1,1,1,'2017-05-01','2017-05-09 03:41:10','',''),(97,'Julio','Martínez',1,1,1,1,'2017-05-01','2017-05-09 03:41:23','',''),(98,'Carlos','Nieto',1,1,1,1,'2017-05-01','2017-05-09 03:41:34','',''),(99,'Graciela','Olivera',1,1,1,1,'2017-05-01','2017-05-09 03:41:43','',''),(100,'Arturo','Olivera',1,1,1,0,'2017-05-01','2017-11-03 12:51:05','',''),(101,'Gastón','Olivera',1,1,1,1,'2017-05-01','2017-05-09 03:41:58','',''),(102,'Alberto','Olivera',1,1,1,1,'2017-05-01','2017-05-09 03:42:14','',''),(103,'Dardo','Ojeda Pintos',1,1,1,1,'2017-05-01','2017-05-31 19:29:58','',''),(104,'Aurelia','Ortega',1,1,1,1,'2017-05-01','2017-05-09 03:43:09','',''),(105,'Cinthia','Ortega',1,1,1,1,'2017-05-01','2017-05-09 03:43:19','',''),(106,'Sandra','Olivera Echeto',1,1,1,1,'2017-05-01','2017-05-09 03:43:31','',''),(107,'Julio','Olivera',1,1,1,1,'2017-05-01','2017-05-09 03:43:39','',''),(108,'Anabella','Olivera',1,1,1,1,'2017-05-01','2017-05-09 03:43:46','',''),(109,'Edelweis','Pons',1,1,1,1,'2017-05-01','2017-05-09 03:43:59','',''),(110,'Edelberto','Pons',1,1,1,1,'2017-05-01','2017-05-09 03:44:13','',''),(111,'Helvecia','Pons',1,1,1,1,'2017-05-01','2017-05-09 03:44:19','',''),(112,'Norma','Pereira',3,1,1,1,'2017-05-01','2017-05-09 03:44:33','',''),(113,'Julio','Pereyra',1,1,1,1,'2017-05-01','2017-05-09 03:44:43','',''),(114,'Filomena','Pereyra de Morales',1,1,1,1,'2017-05-01','2017-05-09 03:45:02','',''),(115,'Antonia','Pereyra',1,1,1,1,'2017-05-01','2017-05-09 03:45:16','',''),(116,'Diamantino','Pereyra',1,1,1,1,'2017-05-01','2017-05-09 03:45:26','',''),(117,'Rafael','Pereyra',1,1,1,0,'2017-05-01','2017-11-03 12:52:10','',''),(118,'Enrique','Portugal',1,1,1,0,'2017-05-01','2017-11-03 12:52:23','',''),(119,'Neber','Pereira',1,1,1,1,'2017-05-01','2017-05-09 03:46:07','',''),(120,'Raquel','Pereyra',1,1,1,1,'2017-05-01','2017-05-09 03:46:18','',''),(121,'Inés','Pérez',1,1,1,1,'2017-05-01','2017-05-09 03:46:29','',''),(122,'Carlos Jjulio','Pereyra',1,1,1,0,'2017-05-01','2017-11-03 12:52:58','',''),(123,'Graciela','Prieto',1,1,1,1,'2017-05-01','2017-05-09 03:46:46','',''),(124,'Luciana','Puñales',3,1,1,1,'2017-05-01','2017-05-09 03:46:58','',''),(125,'Francisca','Pintos',4,1,1,1,'2017-05-01','2017-05-09 03:47:09','',''),(126,'Omar','Quintán',1,1,1,1,'2017-05-01','2017-05-09 03:47:29','',''),(127,'Heber','Rodríguez',1,1,1,1,'2017-05-01','2017-05-09 03:47:38','',''),(128,'Elsa','Rodríguez',1,1,1,1,'2017-05-01','2017-05-09 03:47:47','',''),(129,'Grisel','Rodríguez',1,1,1,1,'2017-05-01','2017-05-09 03:47:57','',''),(130,'Andrea','Rodríguez',1,1,1,1,'2017-05-01','2017-05-09 03:48:15','Todo Ofertas',''),(131,'Talma','Romero',1,1,1,1,'2017-05-01','2017-05-09 03:48:32','',''),(132,'Luis Angel','Campos Rodríguez',1,1,1,1,'2017-05-01','2017-05-09 03:48:47','',''),(133,'Rotary','M',6,1,1,1,'2017-05-01','2017-05-09 03:49:52','',''),(134,'Rotaract','',7,1,1,1,'2017-05-01','2017-07-26 23:30:00','',''),(135,'Atilio','Rojas',1,1,1,1,'2017-05-01','2017-05-09 03:50:42','',''),(136,'Juana','Rodríguez',1,1,1,1,'2017-05-01','2017-05-09 03:50:58','',''),(137,'Susana','Ramos',1,1,1,1,'2017-05-01','2017-05-09 03:51:09','',''),(138,'Alba Estela','Rivero Fonseca',3,1,1,1,'2017-05-01','2017-05-09 03:51:28','',''),(139,'María','Ricardi',1,1,1,1,'2017-05-01','2017-05-09 03:51:37','',''),(140,'Nelly','Saavedra',1,1,1,1,'2017-05-01','2017-05-09 03:51:51','',''),(141,'Dalvis','Silvera',3,1,1,1,'2017-05-01','2017-05-09 03:52:01','',''),(142,'Gisella','Silvera',1,1,1,0,'2017-05-01','2017-06-30 18:53:06','',''),(143,'Sirley','Silvera',1,1,1,1,'2017-05-01','2017-05-09 03:52:16','',''),(144,'Rigoberto','Silva',1,1,1,0,'2017-05-01','2017-09-13 12:31:01','',''),(145,'Natalia','Sánchez',1,1,1,1,'2017-05-01','2017-05-09 03:52:38','',''),(146,'Nelson','Sánchez Correa',1,1,1,1,'2017-05-01','2017-05-09 03:52:51','',''),(147,'Maytee','Silveira',1,1,1,1,'2017-05-01','2017-05-09 03:53:04','',''),(148,'Edgar','Silveira',1,1,1,1,'2017-05-01','2017-05-09 03:53:16','',''),(149,'Nelson','Santos',1,1,1,0,'2017-05-01','2017-11-03 12:53:43','',''),(150,'Eliana','Santos',3,1,1,1,'2017-05-01','2017-05-09 03:53:36','',''),(151,'Daysi','Silvera',1,1,1,1,'2017-05-01','2017-05-09 03:53:45','',''),(152,'Aurora','Sepúlveda',1,1,1,1,'2017-05-01','2017-05-09 03:53:57','',''),(153,'Margarita','Silva Picca',1,1,1,1,'2017-05-01','2017-05-09 03:54:23','',''),(154,'Vilma','Sorozabal',1,1,1,1,'2017-05-01','2017-05-09 03:54:39','',''),(155,'Julia','Silvera',1,1,1,1,'2017-05-01','2017-05-09 03:54:50','',''),(156,'Alicia','Silvera',1,1,1,1,'2017-05-01','2017-05-09 03:54:59','',''),(157,'Mariela','Sosa',1,1,1,1,'2017-05-01','2017-05-09 03:55:10','',''),(158,'Bettis','Sarrailt',1,1,1,1,'2017-05-01','2017-05-09 03:55:26','',''),(159,'Elda','Sarrailt',1,1,1,1,'2017-05-01','2017-05-09 03:55:37','',''),(160,'María Esther','Sarrailt',1,1,1,1,'2017-05-01','2017-05-09 03:55:46','',''),(161,'Julio','Silva Correa',1,1,1,1,'2017-05-01','2017-05-09 03:55:56','',''),(162,'Berta','Soria',1,1,1,0,'2017-05-01','2017-11-03 12:54:11','',''),(163,'Madel','Sención',1,1,1,1,'2017-05-01','2017-11-03 12:54:45','',''),(164,'Carlos','Terra',1,1,1,0,'2017-05-01','2017-09-13 12:30:50','',''),(165,'Raúl','Teggiachi',1,1,1,0,'2017-05-01','2017-09-13 12:36:47','',''),(166,'Wilson Vandy','Toledo',1,1,1,1,'2017-05-01','2017-05-09 03:56:54','',''),(167,'Nelly','Techera',1,1,1,0,'2017-05-01','2017-11-03 12:55:33','',''),(168,'Laura','Techera',1,1,1,1,'2017-05-01','2017-05-09 03:57:11','',''),(169,'Luis','Teles',1,1,1,1,'2017-05-01','2017-05-09 03:57:20','',''),(170,'Juana','Terra',3,1,1,1,'2017-05-01','2017-05-09 03:57:48','',''),(171,'Estela','Velázquez',1,1,1,1,'2017-05-01','2017-05-09 03:58:00','',''),(172,'Victor','Velázquez',1,1,1,0,'2017-05-01','2017-11-03 12:55:51','',''),(173,'Alba','Viojo',1,1,1,1,'2017-05-01','2017-05-09 03:58:20','',''),(174,'María del Carmen','Velázquez',3,1,1,1,'2017-05-01','2017-05-09 03:58:35','',''),(175,'Nilda','Velázquez',3,1,1,1,'2017-05-01','2017-05-09 03:58:46','',''),(176,'Sonia','Vidal',1,1,1,1,'2017-05-01','2017-05-09 03:59:00','',''),(177,'Vetita','Vidal',1,1,1,1,'2017-05-01','2017-05-09 03:59:13','',''),(178,'Wilson','Viera',1,1,1,0,'2017-05-01','2017-09-13 12:31:20','',''),(179,'Angélica','Viojo',3,1,1,1,'2017-05-01','2017-05-09 03:59:41','',''),(180,'Club','De Leones',7,6,1,0,'2017-05-01','2017-09-13 12:35:47','',''),(181,'Eduardo','Miraballes',7,6,1,1,'2017-05-01','2017-05-09 04:01:52','',''),(182,'Elia','Olivera',8,1,1,0,'2017-05-01','2017-11-03 12:56:12','',''),(183,'José Luis','Estol',1,1,1,1,'2017-05-01','2017-05-31 19:32:53','',''),(184,'Carlos','Escamendi Hernández',1,1,1,1,'2017-05-01','2017-09-12 20:24:28','',''),(186,'Jacinta','Fernández',1,1,1,1,'2017-05-01','2017-05-31 19:33:43','',''),(188,'Pedro','Heguy',1,1,1,0,'2017-05-01','2017-07-31 15:35:20','',''),(189,'Pedro','Heguy',1,6,1,1,'2017-05-01','2017-07-31 15:35:03','',''),(190,'Lindolfo nene','Silvera',3,1,8,1,'2017-05-01','2017-07-31 15:36:48','',''),(191,'Grisel','Rodriguez',1,6,1,0,'2017-05-01','2017-11-03 12:56:44','',''),(192,'Gustavo','Acosta Pichuaga',3,1,9,1,'2017-09-13','2017-09-13 11:20:31','',''),(193,'Lina','Cabrera',1,1,9,1,'2017-09-13','2017-09-13 11:21:39','',''),(194,'Nelly','Garcia',1,1,9,1,'2017-09-13','2017-09-13 11:22:08','',''),(195,'Alba','Orrego',1,1,9,1,'2017-09-13','2017-09-13 11:22:31','',''),(196,'Heber','Beledo',1,1,9,1,'2017-09-13','2017-09-13 12:32:24','',''),(197,'CLUB DE LEONES','',7,6,1,1,'2017-09-13','2017-09-13 12:33:25','','');
/*!40000 ALTER TABLE `contribuyentes` ENABLE KEYS */;
UNLOCK TABLES;

--
-- Table structure for table `cuotas`
--

DROP TABLE IF EXISTS `cuotas`;
/*!40101 SET @saved_cs_client     = @@character_set_client */;
/*!40101 SET character_set_client = utf8 */;
CREATE TABLE `cuotas` (
  `id_cuota` int(11) NOT NULL AUTO_INCREMENT,
  `id_contribuyente_fk` int(11) NOT NULL DEFAULT 0,
  `mes` tinyint(4) NOT NULL DEFAULT 0,
  `anio` int(11) NOT NULL DEFAULT 0,
  `importe` double NOT NULL,
  `estado` tinyint(4) NOT NULL DEFAULT 1,
  `fecha_emision` date NOT NULL,
  `fecha_pago` date DEFAULT NULL,
  PRIMARY KEY (`id_cuota`)
) ENGINE=InnoDB AUTO_INCREMENT=1590 DEFAULT CHARSET=utf8;
/*!40101 SET character_set_client = @saved_cs_client */;

--
-- Dumping data for table `cuotas`
--

LOCK TABLES `cuotas` WRITE;
/*!40000 ALTER TABLE `cuotas` DISABLE KEYS */;
INSERT INTO `cuotas` VALUES (1,182,3,2017,30,1,'2017-03-01',NULL),(2,182,4,2017,30,1,'2017-04-01',NULL),(3,182,5,2017,30,1,'2017-05-01',NULL),(4,103,2,2017,50,1,'2017-02-01',NULL),(5,103,3,2017,50,1,'2017-03-01',NULL),(6,103,4,2017,50,1,'2017-04-01',NULL),(7,103,5,2017,50,1,'2017-05-01',NULL),(8,38,3,2017,50,2,'2017-03-01','2017-08-02'),(9,38,4,2017,50,1,'2017-04-01',NULL),(10,38,5,2017,50,1,'2017-05-01',NULL),(11,186,3,2017,50,2,'2017-03-01','2017-07-02'),(12,186,4,2017,50,1,'2017-04-01',NULL),(13,186,5,2017,50,1,'2017-05-01',NULL),(14,6,5,2017,50,1,'2017-05-01',NULL),(15,75,3,2017,100,2,'2017-03-01','2017-07-02'),(16,75,4,2017,100,1,'2017-04-01',NULL),(17,75,5,2017,100,1,'2017-05-01',NULL),(18,33,10,2016,50,1,'2016-10-01',NULL),(19,33,11,2016,50,1,'2016-11-01',NULL),(20,33,12,2016,50,1,'2016-12-01',NULL),(21,33,1,2017,50,1,'2017-01-01',NULL),(22,33,2,2017,50,1,'2017-02-01',NULL),(23,33,3,2017,50,1,'2017-03-01',NULL),(24,33,4,2017,50,1,'2017-04-01',NULL),(25,33,5,2017,50,1,'2017-05-01',NULL),(26,1,6,2016,50,2,'2016-06-01',NULL),(27,1,7,2016,50,2,'2016-07-01',NULL),(28,1,8,2016,50,2,'2016-07-01',NULL),(29,1,9,2016,50,2,'2016-09-01',NULL),(30,1,10,2016,50,1,'2016-10-01',NULL),(31,1,11,2016,50,1,'2016-11-01',NULL),(32,1,12,2016,50,1,'2016-12-01',NULL),(33,1,1,2017,50,1,'2017-01-01',NULL),(34,1,2,2017,50,1,'2017-02-01',NULL),(35,1,3,2017,50,1,'2017-03-01',NULL),(36,1,4,2017,50,1,'2017-04-01',NULL),(37,1,5,2017,50,1,'2017-05-01',NULL),(38,118,12,2016,50,1,'2016-12-01',NULL),(39,118,1,2017,50,1,'2017-01-01',NULL),(40,118,2,2017,50,1,'2017-02-01',NULL),(41,118,3,2017,50,1,'2017-03-01',NULL),(42,118,4,2017,50,1,'2017-04-01',NULL),(43,118,5,2017,50,1,'2017-05-01',NULL),(44,149,8,2016,50,1,'2016-08-01',NULL),(45,149,9,2016,50,1,'2016-09-01',NULL),(46,149,10,2016,50,1,'2016-10-01',NULL),(47,149,11,2016,50,1,'2016-11-01',NULL),(48,149,12,2016,50,1,'2016-12-01',NULL),(49,149,1,2017,50,1,'2017-01-01',NULL),(50,149,2,2017,50,1,'2017-02-01',NULL),(51,149,3,2017,50,1,'2017-03-01',NULL),(52,149,4,2017,50,1,'2017-04-01',NULL),(53,149,5,2017,50,1,'2017-05-01',NULL),(54,101,6,2016,50,1,'2016-06-01',NULL),(55,101,7,2016,50,1,'2016-07-01',NULL),(56,101,8,2016,50,1,'2016-08-01',NULL),(57,101,9,2016,50,1,'2016-09-01',NULL),(58,101,10,2016,50,1,'2016-10-01',NULL),(59,101,11,2016,50,1,'2016-11-01',NULL),(60,101,12,2016,50,1,'2016-12-01',NULL),(61,101,1,2017,50,1,'2017-01-01',NULL),(62,101,2,2017,50,1,'2017-02-01',NULL),(63,101,3,2017,50,1,'2017-03-01',NULL),(64,101,4,2017,50,1,'2017-04-01',NULL),(65,101,5,2017,50,1,'2017-05-01',NULL),(66,91,6,2016,50,1,'2016-06-01',NULL),(67,91,7,2016,50,1,'2016-07-01',NULL),(68,91,8,2016,50,1,'2016-08-01',NULL),(69,91,9,2016,50,1,'2016-09-01',NULL),(70,91,10,2016,50,1,'2016-10-01',NULL),(71,91,11,2016,50,1,'2016-11-01',NULL),(72,91,12,2016,50,1,'2016-12-01',NULL),(73,91,1,2017,50,1,'2017-01-01',NULL),(74,91,2,2017,50,1,'2017-02-01',NULL),(75,91,3,2017,50,1,'2017-03-01',NULL),(76,91,4,2017,50,1,'2017-04-01',NULL),(77,91,5,2017,50,1,'2017-05-01',NULL),(78,83,12,2016,100,1,'2016-12-01',NULL),(79,83,1,2017,100,1,'2017-01-01',NULL),(80,83,2,2017,100,1,'2017-02-01',NULL),(81,83,3,2017,100,1,'2017-03-01',NULL),(82,83,4,2017,100,1,'2017-04-01',NULL),(83,83,5,2017,100,1,'2017-05-01',NULL),(84,69,9,2016,50,1,'2016-09-01',NULL),(85,69,10,2016,50,1,'2016-10-01',NULL),(86,69,11,2016,50,1,'2016-11-01',NULL),(87,69,12,2016,50,1,'2016-12-01',NULL),(88,69,1,2017,50,1,'2017-01-01',NULL),(89,69,2,2017,50,1,'2017-02-01',NULL),(90,69,3,2017,50,1,'2017-03-01',NULL),(91,69,4,2017,50,1,'2017-04-01',NULL),(92,69,5,2017,50,1,'2017-05-01',NULL),(93,105,10,2016,50,1,'2016-10-01',NULL),(94,105,11,2016,50,1,'2016-11-01',NULL),(95,105,12,2016,50,1,'2016-12-01',NULL),(96,105,1,2017,50,1,'2017-01-01',NULL),(97,105,2,2017,50,1,'2017-02-01',NULL),(98,105,3,2017,50,1,'2017-03-01',NULL),(99,105,4,2017,50,1,'2017-04-01',NULL),(100,105,5,2017,50,1,'2017-05-01',NULL),(101,53,3,2017,50,1,'2017-03-01',NULL),(102,53,4,2017,50,1,'2017-04-01',NULL),(103,53,5,2017,50,1,'2017-05-01',NULL),(104,34,12,2016,50,1,'2016-12-01',NULL),(105,34,1,2017,50,1,'2017-01-01',NULL),(106,34,2,2017,50,1,'2017-02-01',NULL),(107,34,3,2017,50,1,'2017-03-01',NULL),(108,34,4,2017,50,1,'2017-04-01',NULL),(109,34,5,2017,50,1,'2017-05-01',NULL),(110,19,12,2016,100,2,'2016-12-01','2017-06-02'),(111,19,1,2017,100,2,'2017-01-01','2017-10-02'),(112,19,2,2017,100,1,'2017-02-01',NULL),(113,19,3,2017,100,1,'2017-03-01',NULL),(114,19,4,2017,100,1,'2017-04-01',NULL),(115,19,5,2017,100,1,'2017-05-01',NULL),(116,18,9,2016,50,1,'2016-09-01',NULL),(117,18,10,2016,50,1,'2016-10-01',NULL),(118,18,11,2016,50,1,'2016-11-01',NULL),(119,18,12,2016,50,1,'2016-12-01',NULL),(120,18,1,2017,50,1,'2017-01-01',NULL),(121,18,2,2017,50,1,'2017-02-01',NULL),(122,18,3,2017,50,1,'2017-03-01',NULL),(123,18,4,2017,50,1,'2017-04-01',NULL),(124,18,5,2017,50,1,'2017-05-01',NULL),(125,26,6,2016,100,1,'2016-06-01',NULL),(126,26,7,2016,100,1,'2016-07-01',NULL),(127,26,8,2016,100,1,'2016-08-01',NULL),(128,26,9,2016,100,1,'2016-09-01',NULL),(129,26,10,2016,100,1,'2016-10-01',NULL),(130,26,11,2016,100,1,'2016-11-01',NULL),(131,26,12,2016,100,1,'2016-12-01',NULL),(132,26,1,2017,100,1,'2017-01-01',NULL),(133,26,2,2017,100,1,'2017-02-01',NULL),(134,26,3,2017,100,1,'2017-03-01',NULL),(135,26,4,2017,100,1,'2017-04-01',NULL),(136,26,5,2017,100,1,'2017-05-01',NULL),(137,1,6,2017,150,1,'2017-06-01',NULL),(138,2,6,2017,50,2,'2017-06-01','2017-11-17'),(139,3,6,2017,50,2,'2017-06-01','2017-07-02'),(140,4,6,2017,50,2,'2017-06-01','2017-06-05'),(141,6,6,2017,50,1,'2017-06-01',NULL),(142,7,6,2017,50,2,'2017-06-01','2017-06-02'),(143,8,6,2017,50,2,'2017-06-01','2017-07-02'),(144,9,6,2017,50,2,'2017-06-01','2017-07-02'),(145,10,6,2017,50,2,'2017-06-01','2017-07-02'),(146,11,6,2017,100,2,'2017-06-01','2017-07-02'),(147,12,6,2017,50,2,'2017-06-01','2017-06-05'),(148,13,6,2017,50,2,'2017-06-01','2017-07-02'),(149,14,6,2017,50,1,'2017-06-01',NULL),(150,15,6,2017,50,2,'2017-06-01','2017-07-02'),(151,16,6,2017,50,2,'2017-06-01','2017-06-05'),(152,17,6,2017,50,2,'2017-06-01','2017-07-02'),(153,18,6,2017,50,1,'2017-06-01',NULL),(154,19,6,2017,100,1,'2017-06-01',NULL),(155,20,6,2017,100,2,'2017-06-01','2017-07-02'),(156,21,6,2017,50,2,'2017-06-01','2017-07-02'),(157,22,6,2017,50,2,'2017-06-01','2017-07-02'),(158,23,6,2017,50,2,'2017-06-01','2017-07-02'),(159,24,6,2017,150,2,'2017-06-01','2017-07-02'),(160,25,6,2017,50,2,'2017-06-01','2017-08-02'),(161,26,6,2017,100,1,'2017-06-01',NULL),(162,27,6,2017,50,2,'2017-06-01','2017-07-02'),(163,28,6,2017,100,1,'2017-06-01',NULL),(164,30,6,2017,50,2,'2017-06-01','2017-07-02'),(165,31,6,2017,50,2,'2017-06-01','2017-09-02'),(166,32,6,2017,50,2,'2017-06-01','2017-07-02'),(167,33,6,2017,50,1,'2017-06-01',NULL),(168,34,6,2017,50,1,'2017-06-01',NULL),(169,35,6,2017,50,1,'2017-06-01',NULL),(170,36,6,2017,50,2,'2017-06-01','2017-08-02'),(171,37,6,2017,50,2,'2017-06-01','2017-07-02'),(172,38,6,2017,50,1,'2017-06-01',NULL),(173,39,6,2017,50,2,'2017-06-01','2017-07-02'),(174,40,6,2017,100,2,'2017-06-01','2017-07-02'),(175,41,6,2017,50,2,'2017-06-01','2017-07-02'),(176,42,6,2017,50,1,'2017-06-01',NULL),(177,43,6,2017,50,1,'2017-06-01',NULL),(178,44,6,2017,50,2,'2017-06-01','2017-07-02'),(179,45,6,2017,50,1,'2017-06-01',NULL),(180,46,6,2017,50,2,'2017-06-01','2017-07-02'),(181,47,6,2017,50,1,'2017-06-01',NULL),(182,48,6,2017,100,2,'2017-06-01','2017-07-02'),(183,49,6,2017,50,2,'2017-06-01','2017-07-02'),(184,50,6,2017,100,2,'2017-06-01','2017-07-02'),(185,51,6,2017,50,2,'2017-06-01','2017-07-02'),(186,52,6,2017,100,2,'2017-06-01','2017-06-05'),(187,53,6,2017,50,1,'2017-06-01',NULL),(188,54,6,2017,50,1,'2017-06-01',NULL),(189,55,6,2017,50,2,'2017-06-01','2017-06-05'),(190,56,6,2017,70,2,'2017-06-01','2017-07-02'),(191,57,6,2017,50,2,'2017-06-01','2017-06-05'),(192,58,6,2017,50,2,'2017-06-01','2017-06-05'),(193,59,6,2017,50,1,'2017-06-01',NULL),(194,61,6,2017,50,2,'2017-06-01','2017-07-02'),(195,62,6,2017,50,2,'2017-06-01','2017-07-02'),(196,63,6,2017,50,1,'2017-06-01',NULL),(197,64,6,2017,50,1,'2017-06-01',NULL),(198,65,6,2017,50,2,'2017-06-01','2017-07-02'),(199,66,6,2017,100,2,'2017-06-01','2017-07-02'),(200,67,6,2017,100,2,'2017-06-01','2017-07-02'),(201,68,6,2017,100,1,'2017-06-01',NULL),(202,69,6,2017,50,1,'2017-06-01',NULL),(203,70,6,2017,100,2,'2017-06-01','2017-07-02'),(204,71,6,2017,100,1,'2017-06-01',NULL),(205,72,6,2017,50,1,'2017-06-01',NULL),(206,73,6,2017,50,2,'2017-06-01','2017-07-02'),(207,74,6,2017,50,2,'2017-06-01','2017-08-02'),(208,75,6,2017,200,1,'2017-06-01',NULL),(209,76,6,2017,50,2,'2017-06-01','2017-07-02'),(210,77,6,2017,50,1,'2017-06-01',NULL),(211,78,6,2017,50,2,'2017-06-01','2017-06-05'),(212,79,6,2017,50,1,'2017-06-01',NULL),(213,80,6,2017,50,2,'2017-06-01','2017-07-02'),(214,81,6,2017,50,2,'2017-06-01','2017-07-02'),(215,82,6,2017,50,1,'2017-06-01',NULL),(216,83,6,2017,100,1,'2017-06-01',NULL),(217,84,6,2017,50,2,'2017-06-01','2017-07-02'),(218,85,6,2017,50,2,'2017-06-01','2017-07-02'),(219,86,6,2017,50,1,'2017-06-01',NULL),(220,87,6,2017,50,1,'2017-06-01',NULL),(221,88,6,2017,50,2,'2017-06-01','2017-07-02'),(222,89,6,2017,200,2,'2017-06-01','2017-07-02'),(223,90,6,2017,100,1,'2017-06-01',NULL),(224,91,6,2017,50,1,'2017-06-01',NULL),(225,92,6,2017,50,2,'2017-06-01','2017-07-02'),(226,93,6,2017,50,2,'2017-06-01','2017-06-05'),(227,94,6,2017,100,2,'2017-06-01','2017-07-02'),(228,95,6,2017,50,2,'2017-06-01','2017-07-02'),(229,96,6,2017,100,1,'2017-06-01',NULL),(230,97,6,2017,50,1,'2017-06-01',NULL),(231,98,6,2017,50,2,'2017-06-01','2017-07-02'),(232,99,6,2017,50,2,'2017-06-01','2017-07-02'),(233,100,6,2017,50,1,'2017-06-01',NULL),(234,101,6,2017,50,1,'2017-06-01',NULL),(235,102,6,2017,50,1,'2017-06-01',NULL),(236,103,6,2017,50,1,'2017-06-01',NULL),(237,104,6,2017,50,2,'2017-06-01','2017-07-02'),(238,105,6,2017,50,1,'2017-06-01',NULL),(239,106,6,2017,50,2,'2017-06-01','2017-07-02'),(240,107,6,2017,50,2,'2017-06-01','2017-07-02'),(241,108,6,2017,50,2,'2017-06-01','2017-07-02'),(242,109,6,2017,50,2,'2017-06-01','2017-07-02'),(243,110,6,2017,50,2,'2017-06-01','2017-07-02'),(244,111,6,2017,50,2,'2017-06-01','2017-07-02'),(245,112,6,2017,100,2,'2017-06-01','2017-07-02'),(246,113,6,2017,50,1,'2017-06-01',NULL),(247,114,6,2017,50,2,'2017-06-01','2017-07-02'),(248,115,6,2017,50,2,'2017-06-01','2017-07-02'),(249,116,6,2017,50,2,'2017-06-01','2017-07-02'),(250,117,6,2017,50,1,'2017-06-01',NULL),(251,118,6,2017,50,1,'2017-06-01',NULL),(252,119,6,2017,50,2,'2017-06-01','2017-07-02'),(253,120,6,2017,50,2,'2017-06-01','2017-07-02'),(254,121,6,2017,50,2,'2017-06-01','2017-07-02'),(255,122,6,2017,50,1,'2017-06-01',NULL),(256,123,6,2017,50,2,'2017-06-01','2017-07-02'),(257,124,6,2017,100,2,'2017-06-01','2017-07-02'),(258,125,6,2017,150,2,'2017-06-01','2017-07-02'),(259,126,6,2017,50,1,'2017-06-01',NULL),(260,127,6,2017,50,2,'2017-06-01','2017-07-02'),(261,128,6,2017,50,1,'2017-06-01',NULL),(262,129,6,2017,50,2,'2017-06-01','2017-07-02'),(263,130,6,2017,50,2,'2017-06-01','2017-07-02'),(264,131,6,2017,50,2,'2017-06-01','2017-07-02'),(265,132,6,2017,50,1,'2017-06-01',NULL),(266,133,6,2017,500,2,'2017-06-01','2017-07-02'),(267,134,6,2017,1000,1,'2017-06-01',NULL),(268,135,6,2017,50,1,'2017-06-01',NULL),(269,136,6,2017,50,2,'2017-06-01','2017-07-02'),(270,137,6,2017,50,2,'2017-06-01','2017-07-02'),(271,138,6,2017,100,2,'2017-06-01','2017-07-02'),(272,139,6,2017,50,2,'2017-06-01','2017-07-02'),(273,140,6,2017,50,2,'2017-06-01','2017-07-02'),(274,141,6,2017,100,2,'2017-06-01','2017-07-02'),(275,142,6,2017,50,1,'2017-06-01',NULL),(276,143,6,2017,50,2,'2017-06-01','2017-07-02'),(277,144,6,2017,50,1,'2017-06-01',NULL),(278,145,6,2017,50,2,'2017-06-01','2017-06-05'),(279,146,6,2017,50,2,'2017-06-01','2017-06-05'),(280,147,6,2017,50,1,'2017-06-01',NULL),(281,148,6,2017,50,2,'2017-06-01','2017-06-05'),(282,149,6,2017,50,1,'2017-06-01',NULL),(283,150,6,2017,100,2,'2017-06-01','2017-07-02'),(284,151,6,2017,50,2,'2017-06-01','2017-07-02'),(285,152,6,2017,50,2,'2017-06-01','2017-07-02'),(286,153,6,2017,50,2,'2017-06-01','2017-07-02'),(287,154,6,2017,50,2,'2017-06-01','2017-08-02'),(288,155,6,2017,50,2,'2017-06-01','2017-06-05'),(289,156,6,2017,50,2,'2017-06-01','2017-07-02'),(290,157,6,2017,50,2,'2017-06-01','2017-06-05'),(291,158,6,2017,50,2,'2017-06-01','2017-06-05'),(292,159,6,2017,50,2,'2017-06-01','2017-06-05'),(293,160,6,2017,50,2,'2017-06-01','2017-06-05'),(294,161,6,2017,50,2,'2017-06-01','2017-06-05'),(295,162,6,2017,50,1,'2017-06-01',NULL),(296,163,6,2017,50,2,'2017-06-01','2017-06-05'),(297,164,6,2017,50,1,'2017-06-01',NULL),(298,165,6,2017,50,1,'2017-06-01',NULL),(299,166,6,2017,50,1,'2017-06-01',NULL),(300,167,6,2017,50,1,'2017-06-01',NULL),(301,168,6,2017,50,2,'2017-06-01','2017-07-02'),(302,169,6,2017,50,2,'2017-06-01','2017-07-02'),(303,170,6,2017,100,2,'2017-06-01','2017-06-05'),(304,171,6,2017,50,2,'2017-06-01','2017-07-02'),(305,172,6,2017,50,1,'2017-06-01',NULL),(306,173,6,2017,50,1,'2017-06-01',NULL),(307,174,6,2017,100,2,'2017-06-01','2017-07-02'),(308,175,6,2017,100,2,'2017-06-01','2017-06-05'),(309,176,6,2017,50,2,'2017-06-01','2017-08-02'),(310,177,6,2017,50,2,'2017-06-01','2017-06-02'),(311,178,6,2017,50,1,'2017-06-01',NULL),(312,179,6,2017,100,2,'2017-06-01','2017-07-02'),(313,180,6,2017,1000,1,'2017-06-01',NULL),(314,181,6,2017,1000,1,'2017-06-01',NULL),(315,182,6,2017,30,1,'2017-06-01',NULL),(316,183,6,2017,50,2,'2017-06-01','2017-08-02'),(317,184,6,2017,50,1,'2017-06-01',NULL),(318,185,6,2017,50,1,'2017-06-01',NULL),(319,186,6,2017,50,1,'2017-06-01',NULL),(320,1,7,2017,150,1,'2017-06-30',NULL),(321,2,7,2017,50,2,'2017-06-30','2017-06-05'),(322,3,7,2017,50,2,'2017-06-30','2017-08-05'),(323,4,7,2017,50,2,'2017-06-30','2017-07-02'),(324,6,7,2017,50,1,'2017-06-30',NULL),(325,7,7,2017,50,2,'2017-06-30','2017-07-02'),(326,8,7,2017,50,2,'2017-06-30','2017-08-02'),(327,9,7,2017,50,2,'2017-06-30','2017-08-02'),(328,10,7,2017,50,2,'2017-06-30','2017-08-02'),(329,11,7,2017,100,2,'2017-06-30','2017-08-02'),(330,12,7,2017,50,1,'2017-06-30',NULL),(331,13,7,2017,50,2,'2017-06-30','2017-08-02'),(332,14,7,2017,50,1,'2017-06-30',NULL),(333,15,7,2017,50,2,'2017-06-30','2017-08-02'),(334,16,7,2017,50,2,'2017-06-30','2017-07-02'),(335,17,7,2017,50,2,'2017-06-30','2017-08-02'),(336,18,7,2017,50,1,'2017-06-30',NULL),(337,19,7,2017,100,1,'2017-06-30',NULL),(338,20,7,2017,100,2,'2017-06-30','2017-08-02'),(339,21,7,2017,50,2,'2017-06-30','2017-08-02'),(340,22,7,2017,50,2,'2017-06-30','2017-07-02'),(341,23,7,2017,50,2,'2017-06-30','2017-09-02'),(342,24,7,2017,150,2,'2017-06-30','2017-07-02'),(343,25,7,2017,50,2,'2017-06-30','2017-08-02'),(344,26,7,2017,100,1,'2017-06-30',NULL),(345,27,7,2017,50,2,'2017-06-30','2017-08-02'),(346,28,7,2017,100,1,'2017-06-30',NULL),(347,30,7,2017,50,2,'2017-06-30','2017-08-02'),(348,31,7,2017,50,2,'2017-06-30','2017-06-02'),(349,32,7,2017,50,2,'2017-06-30','2017-08-02'),(350,33,7,2017,50,1,'2017-06-30',NULL),(351,34,7,2017,50,1,'2017-06-30',NULL),(352,35,7,2017,50,1,'2017-06-30',NULL),(353,36,7,2017,50,2,'2017-06-30','2017-09-02'),(354,37,7,2017,50,2,'2017-06-30','2017-08-02'),(355,38,7,2017,50,1,'2017-06-30',NULL),(356,39,7,2017,50,2,'2017-06-30','2017-09-02'),(357,40,7,2017,100,2,'2017-06-30','2017-08-02'),(358,41,7,2017,50,1,'2017-06-30',NULL),(359,42,7,2017,50,1,'2017-06-30',NULL),(360,43,7,2017,50,1,'2017-06-30',NULL),(361,44,7,2017,50,2,'2017-06-30','2017-07-02'),(362,45,7,2017,50,1,'2017-06-30',NULL),(363,46,7,2017,50,2,'2017-06-30','2017-08-02'),(364,47,7,2017,50,1,'2017-06-30',NULL),(365,48,7,2017,100,2,'2017-06-30','2017-08-02'),(366,49,7,2017,50,2,'2017-06-30','2017-08-02'),(367,50,7,2017,100,2,'2017-06-30','2017-08-02'),(368,51,7,2017,50,2,'2017-06-30','2017-07-02'),(369,52,7,2017,100,2,'2017-06-30','2017-07-02'),(370,53,7,2017,50,1,'2017-06-30',NULL),(371,54,7,2017,50,1,'2017-06-30',NULL),(372,55,7,2017,50,2,'2017-06-30','2017-07-02'),(373,56,7,2017,70,2,'2017-06-30','2017-08-02'),(374,57,7,2017,50,2,'2017-06-30','2017-06-05'),(375,58,7,2017,50,2,'2017-06-30','2017-07-02'),(376,59,7,2017,50,1,'2017-06-30',NULL),(377,61,7,2017,50,2,'2017-06-30','2017-07-02'),(378,62,7,2017,50,2,'2017-06-30','2017-08-02'),(379,63,7,2017,50,1,'2017-06-30',NULL),(380,64,7,2017,50,1,'2017-06-30',NULL),(381,65,7,2017,50,2,'2017-06-30','2017-07-02'),(382,66,7,2017,100,2,'2017-06-30','2017-08-02'),(383,67,7,2017,100,2,'2017-06-30','2017-08-02'),(384,68,7,2017,100,1,'2017-06-30',NULL),(385,69,7,2017,50,1,'2017-06-30',NULL),(386,70,7,2017,100,2,'2017-06-30','2017-08-02'),(387,71,7,2017,100,1,'2017-06-30',NULL),(388,72,7,2017,50,1,'2017-06-30',NULL),(389,73,7,2017,50,2,'2017-06-30','2017-08-02'),(390,74,7,2017,50,2,'2017-06-30','2017-09-02'),(391,75,7,2017,200,1,'2017-06-30',NULL),(392,76,7,2017,50,2,'2017-06-30','2017-08-02'),(393,77,7,2017,50,1,'2017-06-30',NULL),(394,78,7,2017,50,2,'2017-06-30','2017-07-02'),(395,79,7,2017,50,1,'2017-06-30',NULL),(396,80,7,2017,50,2,'2017-06-30','2017-08-02'),(397,81,7,2017,50,2,'2017-06-30','2017-07-02'),(398,82,7,2017,50,1,'2017-06-30',NULL),(399,83,7,2017,100,1,'2017-06-30',NULL),(400,84,7,2017,50,2,'2017-06-30','2017-08-02'),(401,85,7,2017,50,2,'2017-06-30','2017-07-02'),(402,86,7,2017,50,1,'2017-06-30',NULL),(403,87,7,2017,50,1,'2017-06-30',NULL),(404,88,7,2017,50,2,'2017-06-30','2017-08-02'),(405,89,7,2017,200,2,'2017-06-30','2017-08-02'),(406,90,7,2017,100,1,'2017-06-30',NULL),(407,91,7,2017,50,1,'2017-06-30',NULL),(408,92,7,2017,50,2,'2017-06-30','2017-08-02'),(409,93,7,2017,50,2,'2017-06-30','2017-07-02'),(410,94,7,2017,100,2,'2017-06-30','2017-09-02'),(411,95,7,2017,50,2,'2017-06-30','2017-08-02'),(412,96,7,2017,100,1,'2017-06-30',NULL),(413,97,7,2017,50,1,'2017-06-30',NULL),(414,98,7,2017,50,2,'2017-06-30','2017-06-02'),(415,99,7,2017,50,2,'2017-06-30','2017-08-02'),(416,100,7,2017,50,1,'2017-06-30',NULL),(417,101,7,2017,50,1,'2017-06-30',NULL),(418,102,7,2017,50,1,'2017-06-30',NULL),(419,103,7,2017,50,1,'2017-06-30',NULL),(420,104,7,2017,50,2,'2017-06-30','2017-08-02'),(421,105,7,2017,50,1,'2017-06-30',NULL),(422,106,7,2017,50,2,'2017-06-30','2017-08-02'),(423,107,7,2017,50,2,'2017-06-30','2017-08-02'),(424,108,7,2017,50,2,'2017-06-30','2017-08-02'),(425,109,7,2017,50,2,'2017-06-30','2017-07-02'),(426,110,7,2017,50,2,'2017-06-30','2017-08-02'),(427,111,7,2017,50,2,'2017-06-30','2017-08-02'),(428,112,7,2017,100,2,'2017-06-30','2017-08-02'),(429,113,7,2017,50,1,'2017-06-30',NULL),(430,114,7,2017,50,2,'2017-06-30','2017-08-02'),(431,115,7,2017,50,2,'2017-06-30','2017-08-02'),(432,116,7,2017,50,2,'2017-06-30','2017-07-05'),(433,117,7,2017,50,1,'2017-06-30',NULL),(434,118,7,2017,50,1,'2017-06-30',NULL),(435,119,7,2017,50,2,'2017-06-30','2017-08-02'),(436,120,7,2017,50,2,'2017-06-30','2017-08-02'),(437,121,7,2017,50,2,'2017-06-30','2017-08-02'),(438,122,7,2017,50,1,'2017-06-30',NULL),(439,123,7,2017,50,2,'2017-06-30','2017-08-02'),(440,124,7,2017,100,2,'2017-06-30','2017-08-02'),(441,125,7,2017,150,2,'2017-06-30','2017-08-02'),(442,126,7,2017,50,1,'2017-06-30',NULL),(443,127,7,2017,50,2,'2017-06-30','2017-08-02'),(444,128,7,2017,50,1,'2017-06-30',NULL),(445,129,7,2017,50,2,'2017-06-30','2017-06-02'),(446,130,7,2017,50,2,'2017-06-30','2017-08-02'),(447,131,7,2017,50,2,'2017-06-30','2017-08-02'),(448,132,7,2017,50,1,'2017-06-30',NULL),(449,133,7,2017,500,2,'2017-06-30','2017-07-02'),(450,134,7,2017,1000,1,'2017-06-30',NULL),(451,135,7,2017,50,1,'2017-06-30',NULL),(452,136,7,2017,50,2,'2017-06-30','2017-08-02'),(453,137,7,2017,50,2,'2017-06-30','2017-07-02'),(454,138,7,2017,100,2,'2017-06-30','2017-08-02'),(455,139,7,2017,50,2,'2017-06-30','2017-08-02'),(456,140,7,2017,50,2,'2017-06-30','2017-08-02'),(457,141,7,2017,100,2,'2017-06-30','2017-08-02'),(458,142,7,2017,50,1,'2017-06-30',NULL),(459,143,7,2017,50,2,'2017-06-30','2017-08-02'),(460,144,7,2017,50,1,'2017-06-30',NULL),(461,145,7,2017,50,2,'2017-06-30','2017-07-02'),(462,146,7,2017,50,2,'2017-06-30','2017-07-02'),(463,147,7,2017,50,1,'2017-06-30',NULL),(464,148,7,2017,50,2,'2017-06-30','2017-10-02'),(465,149,7,2017,50,1,'2017-06-30',NULL),(466,150,7,2017,100,2,'2017-06-30','2017-08-02'),(467,151,7,2017,50,2,'2017-06-30','2017-08-02'),(468,152,7,2017,50,1,'2017-06-30',NULL),(469,153,7,2017,50,2,'2017-06-30','2017-07-02'),(470,154,7,2017,50,2,'2017-06-30','2017-09-02'),(471,155,7,2017,50,2,'2017-06-30','2017-07-02'),(472,156,7,2017,50,2,'2017-06-30','2017-08-02'),(473,157,7,2017,50,2,'2017-06-30','2017-07-02'),(474,158,7,2017,50,2,'2017-06-30','2017-07-02'),(475,159,7,2017,50,2,'2017-06-30','2017-07-02'),(476,160,7,2017,50,2,'2017-06-30','2017-07-02'),(477,161,7,2017,50,2,'2017-06-30','2017-07-02'),(478,162,7,2017,50,1,'2017-06-30',NULL),(479,163,7,2017,50,2,'2017-06-30','2017-06-05'),(480,164,7,2017,50,1,'2017-06-30',NULL),(481,165,7,2017,50,1,'2017-06-30',NULL),(482,166,7,2017,50,1,'2017-06-30',NULL),(483,167,7,2017,50,1,'2017-06-30',NULL),(484,168,7,2017,50,2,'2017-06-30','2017-08-02'),(485,169,7,2017,50,2,'2017-06-30','2017-08-02'),(486,170,7,2017,100,2,'2017-06-30','2017-07-02'),(487,171,7,2017,50,2,'2017-06-30','2017-07-02'),(488,172,7,2017,50,1,'2017-06-30',NULL),(489,173,7,2017,50,1,'2017-06-30',NULL),(490,174,7,2017,100,2,'2017-06-30','2017-08-02'),(491,175,7,2017,100,2,'2017-06-30','2017-07-02'),(492,176,7,2017,50,1,'2017-06-30',NULL),(493,177,7,2017,50,2,'2017-06-30','2017-07-02'),(494,178,7,2017,50,1,'2017-06-30',NULL),(495,179,7,2017,100,2,'2017-06-30','2017-08-02'),(496,180,7,2017,1000,1,'2017-06-30',NULL),(497,181,7,2017,1000,1,'2017-06-30',NULL),(498,182,7,2017,30,1,'2017-06-30',NULL),(499,183,7,2017,50,2,'2017-06-30','2017-09-02'),(500,185,7,2017,50,1,'2017-06-30',NULL),(501,186,7,2017,50,1,'2017-06-30',NULL),(502,1,8,2017,150,1,'2017-07-31',NULL),(503,2,8,2017,50,2,'2017-07-31','2017-07-05'),(504,3,8,2017,50,2,'2017-07-31','2017-09-05'),(505,4,8,2017,50,2,'2017-07-31','2017-08-02'),(506,6,8,2017,50,1,'2017-07-31',NULL),(507,7,8,2017,50,2,'2017-07-31','2017-08-02'),(508,8,8,2017,50,2,'2017-07-31','2017-06-02'),(509,9,8,2017,50,2,'2017-07-31','2017-09-02'),(510,10,8,2017,50,2,'2017-07-31','2017-09-02'),(511,11,8,2017,100,2,'2017-07-31','2017-09-05'),(512,12,8,2017,50,1,'2017-07-31',NULL),(513,13,8,2017,50,2,'2017-07-31','2017-09-02'),(514,14,8,2017,50,1,'2017-07-31',NULL),(515,15,8,2017,50,2,'2017-07-31','2017-09-02'),(516,16,8,2017,50,2,'2017-07-31','2017-07-02'),(517,17,8,2017,50,2,'2017-07-31','2017-09-02'),(518,18,8,2017,50,1,'2017-07-31',NULL),(519,19,8,2017,100,1,'2017-07-31',NULL),(520,20,8,2017,100,2,'2017-07-31','2017-09-02'),(521,21,8,2017,50,2,'2017-07-31','2017-09-02'),(522,22,8,2017,50,2,'2017-07-31','2017-07-02'),(523,23,8,2017,50,1,'2017-07-31',NULL),(524,24,8,2017,150,2,'2017-07-31','2017-08-02'),(525,25,8,2017,50,2,'2017-07-31','2017-09-02'),(526,26,8,2017,100,1,'2017-07-31',NULL),(527,27,8,2017,50,2,'2017-07-31','2017-09-02'),(528,28,8,2017,100,1,'2017-07-31',NULL),(529,30,8,2017,50,1,'2017-07-31',NULL),(530,31,8,2017,50,2,'2017-07-31','2017-07-02'),(531,32,8,2017,50,2,'2017-07-31','2017-08-02'),(532,33,8,2017,50,1,'2017-07-31',NULL),(533,34,8,2017,50,1,'2017-07-31',NULL),(534,35,8,2017,50,1,'2017-07-31',NULL),(535,36,8,2017,50,1,'2017-07-31',NULL),(536,37,8,2017,50,2,'2017-07-31','2017-08-02'),(537,38,8,2017,50,1,'2017-07-31',NULL),(538,39,8,2017,50,2,'2017-07-31','2017-10-02'),(539,40,8,2017,100,2,'2017-07-31','2017-08-02'),(540,41,8,2017,50,1,'2017-07-31',NULL),(541,42,8,2017,50,1,'2017-07-31',NULL),(542,43,8,2017,50,1,'2017-07-31',NULL),(543,44,8,2017,50,2,'2017-07-31','2017-08-02'),(544,45,8,2017,50,1,'2017-07-31',NULL),(545,46,8,2017,50,2,'2017-07-31','2017-09-02'),(546,47,8,2017,50,1,'2017-07-31',NULL),(547,48,8,2017,100,2,'2017-07-31','2017-09-02'),(548,49,8,2017,50,1,'2017-07-31',NULL),(549,50,8,2017,100,2,'2017-07-31','2017-09-02'),(550,51,8,2017,50,2,'2017-07-31','2017-08-02'),(551,52,8,2017,100,2,'2017-07-31','2017-08-02'),(552,53,8,2017,50,1,'2017-07-31',NULL),(553,55,8,2017,50,2,'2017-07-31','2017-08-02'),(554,56,8,2017,70,2,'2017-07-31','2017-09-02'),(555,57,8,2017,50,2,'2017-07-31','2017-08-02'),(556,58,8,2017,50,2,'2017-07-31','2017-08-02'),(557,59,8,2017,50,1,'2017-07-31',NULL),(558,61,8,2017,50,2,'2017-07-31','2017-08-02'),(559,62,8,2017,50,2,'2017-07-31','2017-09-02'),(560,63,8,2017,50,1,'2017-07-31',NULL),(561,64,8,2017,50,1,'2017-07-31',NULL),(562,65,8,2017,50,2,'2017-07-31','2017-08-02'),(563,66,8,2017,100,2,'2017-07-31','2017-09-02'),(564,67,8,2017,100,2,'2017-07-31','2017-09-02'),(565,68,8,2017,100,1,'2017-07-31',NULL),(566,69,8,2017,50,1,'2017-07-31',NULL),(567,70,8,2017,100,2,'2017-07-31','2017-09-02'),(568,71,8,2017,100,1,'2017-07-31',NULL),(569,72,8,2017,50,1,'2017-07-31',NULL),(570,73,8,2017,50,2,'2017-07-31','2017-08-02'),(571,74,8,2017,50,2,'2017-07-31','2017-10-02'),(572,75,8,2017,200,1,'2017-07-31',NULL),(573,76,8,2017,50,2,'2017-07-31','2017-09-02'),(574,77,8,2017,50,1,'2017-07-31',NULL),(575,78,8,2017,50,2,'2017-07-31','2017-08-02'),(576,79,8,2017,50,1,'2017-07-31',NULL),(577,80,8,2017,50,1,'2017-07-31',NULL),(578,81,8,2017,50,2,'2017-07-31','2017-08-02'),(579,82,8,2017,50,1,'2017-07-31',NULL),(580,83,8,2017,100,1,'2017-07-31',NULL),(581,84,8,2017,50,2,'2017-07-31','2017-08-02'),(582,85,8,2017,50,2,'2017-07-31','2017-08-02'),(583,86,8,2017,50,1,'2017-07-31',NULL),(584,87,8,2017,50,1,'2017-07-31',NULL),(585,88,8,2017,50,1,'2017-07-31',NULL),(586,89,8,2017,200,2,'2017-07-31','2017-09-02'),(587,90,8,2017,100,1,'2017-07-31',NULL),(588,91,8,2017,50,1,'2017-07-31',NULL),(589,92,8,2017,50,2,'2017-07-31','2017-09-02'),(590,93,8,2017,50,2,'2017-07-31','2017-08-02'),(591,94,8,2017,100,2,'2017-07-31','2017-10-02'),(592,95,8,2017,50,2,'2017-07-31','2017-09-02'),(593,96,8,2017,100,1,'2017-07-31',NULL),(594,97,8,2017,50,1,'2017-07-31',NULL),(595,98,8,2017,50,2,'2017-07-31','2017-07-02'),(596,99,8,2017,50,2,'2017-07-31','2017-09-02'),(597,100,8,2017,50,1,'2017-07-31',NULL),(598,101,8,2017,50,1,'2017-07-31',NULL),(599,102,8,2017,50,1,'2017-07-31',NULL),(600,103,8,2017,50,1,'2017-07-31',NULL),(601,104,8,2017,50,2,'2017-07-31','2017-09-02'),(602,105,8,2017,50,1,'2017-07-31',NULL),(603,106,8,2017,50,2,'2017-07-31','2017-09-02'),(604,107,8,2017,50,2,'2017-07-31','2017-09-02'),(605,108,8,2017,50,2,'2017-07-31','2017-09-02'),(606,109,8,2017,50,2,'2017-07-31','2017-09-02'),(607,110,8,2017,50,2,'2017-07-31','2017-09-02'),(608,111,8,2017,50,2,'2017-07-31','2017-07-02'),(609,112,8,2017,100,2,'2017-07-31','2017-08-02'),(610,113,8,2017,50,1,'2017-07-31',NULL),(611,114,8,2017,50,2,'2017-07-31','2017-08-02'),(612,115,8,2017,50,2,'2017-07-31','2017-08-02'),(613,116,8,2017,50,2,'2017-07-31','2017-08-05'),(614,117,8,2017,50,1,'2017-07-31',NULL),(615,118,8,2017,50,1,'2017-07-31',NULL),(616,119,8,2017,50,2,'2017-07-31','2017-07-02'),(617,120,8,2017,50,2,'2017-07-31','2017-09-02'),(618,121,8,2017,50,1,'2017-07-31',NULL),(619,122,8,2017,50,1,'2017-07-31',NULL),(620,123,8,2017,50,2,'2017-07-31','2017-09-05'),(621,124,8,2017,100,2,'2017-07-31','2017-09-02'),(622,125,8,2017,150,2,'2017-07-31','2017-09-02'),(623,126,8,2017,50,1,'2017-07-31',NULL),(624,127,8,2017,50,2,'2017-07-31','2017-09-02'),(625,128,8,2017,50,1,'2017-07-31',NULL),(626,129,8,2017,50,1,'2017-07-31',NULL),(627,130,8,2017,50,2,'2017-07-31','2017-09-02'),(628,131,8,2017,50,2,'2017-07-31','2017-08-02'),(629,132,8,2017,50,1,'2017-07-31',NULL),(630,133,8,2017,500,2,'2017-07-31','2017-08-02'),(631,134,8,2017,1000,1,'2017-07-31',NULL),(632,135,8,2017,50,1,'2017-07-31',NULL),(633,136,8,2017,50,2,'2017-07-31','2017-08-02'),(634,137,8,2017,50,2,'2017-07-31','2017-08-02'),(635,138,8,2017,100,2,'2017-07-31','2017-09-05'),(636,139,8,2017,50,1,'2017-07-31',NULL),(637,140,8,2017,50,2,'2017-07-31','2017-08-02'),(638,141,8,2017,100,2,'2017-07-31','2017-09-02'),(639,143,8,2017,50,2,'2017-07-31','2017-09-02'),(640,144,8,2017,50,1,'2017-07-31',NULL),(641,145,8,2017,50,2,'2017-07-31','2017-08-02'),(642,146,8,2017,50,2,'2017-07-31','2017-08-02'),(643,147,8,2017,50,1,'2017-07-31',NULL),(644,148,8,2017,50,1,'2017-07-31',NULL),(645,149,8,2017,50,1,'2017-07-31',NULL),(646,150,8,2017,100,2,'2017-07-31','2017-09-02'),(647,151,8,2017,50,2,'2017-07-31','2017-09-02'),(648,152,8,2017,50,1,'2017-07-31',NULL),(649,153,8,2017,50,2,'2017-07-31','2017-09-02'),(650,154,8,2017,50,2,'2017-07-31','2017-10-02'),(651,155,8,2017,50,2,'2017-07-31','2017-07-02'),(652,156,8,2017,50,2,'2017-07-31','2017-09-05'),(653,157,8,2017,50,2,'2017-07-31','2017-08-02'),(654,158,8,2017,50,2,'2017-07-31','2017-07-02'),(655,159,8,2017,50,2,'2017-07-31','2017-07-02'),(656,160,8,2017,50,2,'2017-07-31','2017-07-02'),(657,161,8,2017,50,2,'2017-07-31','2017-07-02'),(658,162,8,2017,50,1,'2017-07-31',NULL),(659,163,8,2017,50,2,'2017-07-31','2017-07-02'),(660,164,8,2017,50,1,'2017-07-31',NULL),(661,165,8,2017,50,1,'2017-07-31',NULL),(662,166,8,2017,50,1,'2017-07-31',NULL),(663,167,8,2017,50,1,'2017-07-31',NULL),(664,168,8,2017,50,2,'2017-07-31','2017-09-02'),(665,169,8,2017,50,2,'2017-07-31','2017-08-02'),(666,170,8,2017,100,2,'2017-07-31','2017-07-02'),(667,171,8,2017,50,2,'2017-07-31','2017-06-05'),(668,172,8,2017,50,1,'2017-07-31',NULL),(669,173,8,2017,50,1,'2017-07-31',NULL),(670,174,8,2017,100,2,'2017-07-31','2017-09-02'),(671,175,8,2017,100,2,'2017-07-31','2017-08-02'),(672,176,8,2017,50,1,'2017-07-31',NULL),(673,177,8,2017,50,2,'2017-07-31','2017-06-02'),(674,178,8,2017,50,1,'2017-07-31',NULL),(675,179,8,2017,100,2,'2017-07-31','2017-09-02'),(676,180,8,2017,1000,1,'2017-07-31',NULL),(677,181,8,2017,1000,1,'2017-07-31',NULL),(678,182,8,2017,30,1,'2017-07-31',NULL),(679,183,8,2017,50,2,'2017-07-31','2017-10-02'),(680,186,8,2017,50,1,'2017-07-31',NULL),(681,189,8,2017,50,1,'2017-07-31',NULL),(682,190,8,2017,100,2,'2017-07-31','2017-07-02'),(683,191,8,2017,50,1,'2017-07-31',NULL),(684,1,9,2017,150,1,'2017-08-31',NULL),(685,2,9,2017,50,2,'2017-08-31','2017-08-05'),(687,4,9,2017,50,2,'2017-08-31','2017-09-02'),(688,6,9,2017,50,1,'2017-08-31',NULL),(689,7,9,2017,50,2,'2017-08-31','2017-09-05'),(690,8,9,2017,50,2,'2017-08-31','2017-08-02'),(693,11,9,2017,100,1,'2017-08-31',NULL),(694,12,9,2017,50,1,'2017-08-31',NULL),(695,13,9,2017,50,2,'2017-08-31','2017-10-02'),(697,15,9,2017,50,2,'2017-08-31','2017-10-02'),(698,16,9,2017,50,2,'2017-08-31','2017-08-02'),(699,17,9,2017,50,2,'2017-08-31','2017-10-02'),(700,18,9,2017,50,1,'2017-08-31',NULL),(702,20,9,2017,100,2,'2017-08-31','2017-10-02'),(703,21,9,2017,50,2,'2017-08-31','2017-10-02'),(704,22,9,2017,50,2,'2017-08-31','2017-08-02'),(705,23,9,2017,50,1,'2017-08-31',NULL),(707,25,9,2017,50,2,'2017-08-31','2017-11-13'),(708,26,9,2017,100,1,'2017-08-31',NULL),(709,27,9,2017,50,1,'2017-08-31',NULL),(710,28,9,2017,100,1,'2017-08-31',NULL),(713,32,9,2017,50,2,'2017-08-31','2017-09-02'),(714,33,9,2017,50,1,'2017-08-31',NULL),(715,34,9,2017,50,1,'2017-08-31',NULL),(717,36,9,2017,50,1,'2017-08-31',NULL),(718,37,9,2017,50,2,'2017-08-31','2017-09-02'),(719,38,9,2017,50,1,'2017-08-31',NULL),(720,39,9,2017,50,1,'2017-08-31',NULL),(722,41,9,2017,50,1,'2017-08-31',NULL),(723,42,9,2017,50,1,'2017-08-31',NULL),(724,43,9,2017,50,1,'2017-08-31',NULL),(725,44,9,2017,50,2,'2017-08-31','2017-09-02'),(727,46,9,2017,50,1,'2017-08-31',NULL),(728,47,9,2017,50,1,'2017-08-31',NULL),(729,48,9,2017,100,2,'2017-08-31','2017-10-02'),(730,49,9,2017,50,1,'2017-08-31',NULL),(733,52,9,2017,100,2,'2017-08-31','2017-09-02'),(734,53,9,2017,50,1,'2017-08-31',NULL),(735,55,9,2017,50,2,'2017-08-31','2017-09-02'),(737,57,9,2017,50,2,'2017-08-31','2017-08-02'),(738,58,9,2017,50,2,'2017-08-31','2017-09-02'),(739,59,9,2017,50,1,'2017-08-31',NULL),(740,61,9,2017,50,2,'2017-08-31','2017-09-02'),(742,63,9,2017,50,1,'2017-08-31',NULL),(743,64,9,2017,50,1,'2017-08-31',NULL),(744,65,9,2017,50,2,'2017-08-31','2017-09-05'),(745,66,9,2017,100,2,'2017-08-31','2017-10-02'),(747,68,9,2017,100,1,'2017-08-31',NULL),(748,69,9,2017,50,1,'2017-08-31',NULL),(749,70,9,2017,100,2,'2017-08-31','2017-09-02'),(750,71,9,2017,100,1,'2017-08-31',NULL),(752,73,9,2017,50,2,'2017-08-31','2017-09-02'),(753,74,9,2017,50,2,'2017-08-31','2017-11-02'),(754,75,9,2017,200,1,'2017-08-31',NULL),(755,76,9,2017,50,2,'2017-08-31','2017-10-02'),(757,78,9,2017,50,2,'2017-08-31','2017-09-02'),(758,79,9,2017,50,1,'2017-08-31',NULL),(759,80,9,2017,50,1,'2017-08-31',NULL),(760,81,9,2017,50,2,'2017-08-31','2017-09-02'),(762,83,9,2017,100,1,'2017-08-31',NULL),(763,84,9,2017,50,2,'2017-08-31','2017-09-02'),(764,85,9,2017,50,2,'2017-08-31','2017-09-02'),(765,86,9,2017,50,1,'2017-08-31',NULL),(768,89,9,2017,200,2,'2017-08-31','2017-10-02'),(769,90,9,2017,100,1,'2017-08-31',NULL),(770,91,9,2017,50,1,'2017-08-31',NULL),(772,93,9,2017,50,1,'2017-08-31',NULL),(773,94,9,2017,100,1,'2017-08-31',NULL),(774,95,9,2017,50,1,'2017-08-31',NULL),(775,96,9,2017,100,1,'2017-08-31',NULL),(777,98,9,2017,50,2,'2017-08-31','2017-08-02'),(778,99,9,2017,50,2,'2017-08-31','2017-10-02'),(779,100,9,2017,50,1,'2017-08-31',NULL),(780,101,9,2017,50,1,'2017-08-31',NULL),(782,103,9,2017,50,1,'2017-08-31',NULL),(783,104,9,2017,50,2,'2017-08-31','2017-10-02'),(784,105,9,2017,50,1,'2017-08-31',NULL),(785,106,9,2017,50,2,'2017-08-31','2017-10-02'),(788,109,9,2017,50,1,'2017-08-31',NULL),(789,110,9,2017,50,2,'2017-08-31','2017-10-02'),(790,111,9,2017,50,2,'2017-08-31','2017-08-02'),(792,113,9,2017,50,1,'2017-08-31',NULL),(793,114,9,2017,50,2,'2017-08-31','2017-09-02'),(794,115,9,2017,50,2,'2017-08-31','2017-09-02'),(1050,3,9,2017,50,2,'2017-08-31','2017-09-02'),(1055,9,9,2017,50,2,'2017-08-31','2017-08-02'),(1056,10,9,2017,50,1,'2017-08-31',NULL),(1060,14,9,2017,50,1,'2017-08-31',NULL),(1065,19,9,2017,100,1,'2017-08-31',NULL),(1070,24,9,2017,150,1,'2017-08-31',NULL),(1075,30,9,2017,50,1,'2017-08-31',NULL),(1076,31,9,2017,50,2,'2017-08-31','2017-11-02'),(1080,35,9,2017,50,1,'2017-08-31',NULL),(1085,40,9,2017,100,1,'2017-08-31',NULL),(1090,45,9,2017,50,1,'2017-08-31',NULL),(1095,50,9,2017,100,1,'2017-08-31',NULL),(1096,51,9,2017,50,1,'2017-08-31',NULL),(1100,56,9,2017,70,1,'2017-08-31',NULL),(1105,62,9,2017,50,1,'2017-08-31',NULL),(1110,67,9,2017,100,2,'2017-08-31','2017-09-02'),(1115,72,9,2017,50,1,'2017-08-31',NULL),(1120,77,9,2017,50,1,'2017-08-31',NULL),(1125,82,9,2017,50,1,'2017-08-31',NULL),(1130,87,9,2017,50,1,'2017-08-31',NULL),(1131,88,9,2017,50,1,'2017-08-31',NULL),(1135,92,9,2017,50,1,'2017-08-31',NULL),(1140,97,9,2017,50,1,'2017-08-31',NULL),(1145,102,9,2017,50,1,'2017-08-31',NULL),(1150,107,9,2017,50,1,'2017-08-31',NULL),(1151,108,9,2017,50,1,'2017-08-31',NULL),(1155,112,9,2017,100,1,'2017-08-31',NULL),(1159,116,9,2017,50,2,'2017-08-31','2017-09-02'),(1160,117,9,2017,50,1,'2017-08-31',NULL),(1161,118,9,2017,50,1,'2017-08-31',NULL),(1162,119,9,2017,50,1,'2017-08-31',NULL),(1163,120,9,2017,50,1,'2017-08-31',NULL),(1164,121,9,2017,50,1,'2017-08-31',NULL),(1165,122,9,2017,50,1,'2017-08-31',NULL),(1166,123,9,2017,50,1,'2017-08-31',NULL),(1167,124,9,2017,100,1,'2017-08-31',NULL),(1168,125,9,2017,150,1,'2017-08-31',NULL),(1169,126,9,2017,50,1,'2017-08-31',NULL),(1170,127,9,2017,50,1,'2017-08-31',NULL),(1171,128,9,2017,50,1,'2017-08-31',NULL),(1172,129,9,2017,50,1,'2017-08-31',NULL),(1173,130,9,2017,50,1,'2017-08-31',NULL),(1174,131,9,2017,50,1,'2017-08-31',NULL),(1175,132,9,2017,50,1,'2017-08-31',NULL),(1176,133,9,2017,500,1,'2017-08-31',NULL),(1177,134,9,2017,1000,1,'2017-08-31',NULL),(1178,135,9,2017,50,1,'2017-08-31',NULL),(1179,136,9,2017,50,2,'2017-08-31','2017-10-02'),(1180,137,9,2017,50,1,'2017-08-31',NULL),(1181,138,9,2017,100,1,'2017-08-31',NULL),(1182,139,9,2017,50,1,'2017-08-31',NULL),(1183,140,9,2017,50,1,'2017-08-31',NULL),(1184,141,9,2017,100,1,'2017-08-31',NULL),(1185,143,9,2017,50,1,'2017-08-31',NULL),(1186,144,9,2017,50,1,'2017-08-31',NULL),(1187,145,9,2017,50,2,'2017-08-31','2017-10-02'),(1188,146,9,2017,50,1,'2017-08-31',NULL),(1189,147,9,2017,50,1,'2017-08-31',NULL),(1190,148,9,2017,50,1,'2017-08-31',NULL),(1191,149,9,2017,50,1,'2017-08-31',NULL),(1192,150,9,2017,100,1,'2017-08-31',NULL),(1193,151,9,2017,50,1,'2017-08-31',NULL),(1194,152,9,2017,50,1,'2017-08-31',NULL),(1195,153,9,2017,50,1,'2017-08-31',NULL),(1196,154,9,2017,50,1,'2017-08-31',NULL),(1197,155,9,2017,50,2,'2017-08-31','2017-08-02'),(1198,156,9,2017,50,1,'2017-08-31',NULL),(1199,157,9,2017,50,1,'2017-08-31',NULL),(1200,158,9,2017,50,2,'2017-08-31','2017-09-02'),(1201,159,9,2017,50,2,'2017-08-31','2017-09-02'),(1202,160,9,2017,50,2,'2017-08-31','2017-09-02'),(1203,161,9,2017,50,2,'2017-08-31','2017-09-02'),(1204,162,9,2017,50,1,'2017-08-31',NULL),(1205,163,9,2017,50,1,'2017-08-31',NULL),(1206,164,9,2017,50,1,'2017-08-31',NULL),(1207,165,9,2017,50,1,'2017-08-31',NULL),(1208,166,9,2017,50,1,'2017-08-31',NULL),(1209,167,9,2017,50,1,'2017-08-31',NULL),(1210,168,9,2017,50,1,'2017-08-31',NULL),(1211,169,9,2017,50,1,'2017-08-31',NULL),(1212,170,9,2017,100,1,'2017-08-31',NULL),(1213,171,9,2017,50,1,'2017-08-31',NULL),(1214,172,9,2017,50,1,'2017-08-31',NULL),(1215,173,9,2017,50,1,'2017-08-31',NULL),(1216,174,9,2017,100,1,'2017-08-31',NULL),(1217,175,9,2017,100,2,'2017-08-31','2017-09-02'),(1218,176,9,2017,50,1,'2017-08-31',NULL),(1219,177,9,2017,50,2,'2017-08-31','2017-09-02'),(1220,178,9,2017,50,1,'2017-08-31',NULL),(1221,179,9,2017,100,1,'2017-08-31',NULL),(1222,180,9,2017,1000,1,'2017-08-31',NULL),(1223,181,9,2017,1000,1,'2017-08-31',NULL),(1224,182,9,2017,30,1,'2017-08-31',NULL),(1225,183,9,2017,50,1,'2017-08-31',NULL),(1226,186,9,2017,50,1,'2017-08-31',NULL),(1227,189,9,2017,50,1,'2017-08-31',NULL),(1228,190,9,2017,100,1,'2017-08-31',NULL),(1229,191,9,2017,50,1,'2017-08-31',NULL),(1230,1,10,2017,150,1,'2017-10-03',NULL),(1231,2,10,2017,50,2,'2017-10-03','2017-11-05'),(1232,3,10,2017,50,1,'2017-10-03',NULL),(1233,4,10,2017,50,1,'2017-10-03',NULL),(1234,6,10,2017,50,1,'2017-10-03',NULL),(1235,7,10,2017,50,1,'2017-10-03',NULL),(1236,8,10,2017,50,1,'2017-10-03',NULL),(1237,9,10,2017,50,1,'2017-10-03',NULL),(1238,10,10,2017,50,1,'2017-10-03',NULL),(1239,11,10,2017,100,1,'2017-10-03',NULL),(1240,12,10,2017,50,1,'2017-10-03',NULL),(1241,13,10,2017,50,1,'2017-10-03',NULL),(1242,14,10,2017,50,1,'2017-10-03',NULL),(1243,15,10,2017,50,1,'2017-10-03',NULL),(1244,16,10,2017,50,2,'2017-10-03','2017-10-02'),(1245,17,10,2017,50,1,'2017-10-03',NULL),(1246,18,10,2017,50,1,'2017-10-03',NULL),(1247,19,10,2017,100,1,'2017-10-03',NULL),(1248,20,10,2017,100,1,'2017-10-03',NULL),(1249,21,10,2017,50,1,'2017-10-03',NULL),(1250,22,10,2017,50,1,'2017-10-03',NULL),(1251,23,10,2017,50,1,'2017-10-03',NULL),(1252,24,10,2017,150,1,'2017-10-03',NULL),(1253,25,10,2017,50,1,'2017-10-03',NULL),(1254,27,10,2017,50,1,'2017-10-03',NULL),(1255,28,10,2017,100,1,'2017-10-03',NULL),(1256,30,10,2017,50,1,'2017-10-03',NULL),(1257,31,10,2017,50,2,'2017-10-03','2017-10-02'),(1258,32,10,2017,50,1,'2017-10-03',NULL),(1259,33,10,2017,50,1,'2017-10-03',NULL),(1260,34,10,2017,50,1,'2017-10-03',NULL),(1261,35,10,2017,50,1,'2017-10-03',NULL),(1262,36,10,2017,50,1,'2017-10-03',NULL),(1263,37,10,2017,50,1,'2017-10-03',NULL),(1264,38,10,2017,50,1,'2017-10-03',NULL),(1265,39,10,2017,50,1,'2017-10-03',NULL),(1266,40,10,2017,100,1,'2017-10-03',NULL),(1267,41,10,2017,50,1,'2017-10-03',NULL),(1268,42,10,2017,50,1,'2017-10-03',NULL),(1269,43,10,2017,50,1,'2017-10-03',NULL),(1270,44,10,2017,50,1,'2017-10-03',NULL),(1271,45,10,2017,50,1,'2017-10-03',NULL),(1272,46,10,2017,50,1,'2017-10-03',NULL),(1273,48,10,2017,100,1,'2017-10-03',NULL),(1274,49,10,2017,50,1,'2017-10-03',NULL),(1275,50,10,2017,100,1,'2017-10-03',NULL),(1276,51,10,2017,50,1,'2017-10-03',NULL),(1277,52,10,2017,100,1,'2017-10-03',NULL),(1278,53,10,2017,50,1,'2017-10-03',NULL),(1279,55,10,2017,50,1,'2017-10-03',NULL),(1280,56,10,2017,70,1,'2017-10-03',NULL),(1281,57,10,2017,50,1,'2017-10-03',NULL),(1282,58,10,2017,50,1,'2017-10-03',NULL),(1283,59,10,2017,50,1,'2017-10-03',NULL),(1284,61,10,2017,50,1,'2017-10-03',NULL),(1285,62,10,2017,50,1,'2017-10-03',NULL),(1286,63,10,2017,50,1,'2017-10-03',NULL),(1287,64,10,2017,50,1,'2017-10-03',NULL),(1288,65,10,2017,50,1,'2017-10-03',NULL),(1289,66,10,2017,100,1,'2017-10-03',NULL),(1290,67,10,2017,100,2,'2017-10-03','2017-10-02'),(1291,69,10,2017,50,1,'2017-10-03',NULL),(1292,70,10,2017,100,1,'2017-10-03',NULL),(1293,71,10,2017,100,1,'2017-10-03',NULL),(1294,72,10,2017,50,1,'2017-10-03',NULL),(1295,73,10,2017,50,1,'2017-10-03',NULL),(1296,74,10,2017,50,1,'2017-10-03',NULL),(1297,75,10,2017,200,1,'2017-10-03',NULL),(1298,76,10,2017,50,1,'2017-10-03',NULL),(1299,77,10,2017,50,1,'2017-10-03',NULL),(1300,78,10,2017,50,1,'2017-10-03',NULL),(1301,80,10,2017,50,1,'2017-10-03',NULL),(1302,81,10,2017,50,1,'2017-10-03',NULL),(1303,82,10,2017,50,1,'2017-10-03',NULL),(1304,83,10,2017,100,1,'2017-10-03',NULL),(1305,84,10,2017,50,1,'2017-10-03',NULL),(1306,85,10,2017,50,2,'2017-10-03','2017-10-02'),(1307,86,10,2017,50,1,'2017-10-03',NULL),(1308,87,10,2017,50,1,'2017-10-03',NULL),(1309,88,10,2017,50,1,'2017-10-03',NULL),(1310,89,10,2017,200,1,'2017-10-03',NULL),(1311,90,10,2017,100,1,'2017-10-03',NULL),(1312,91,10,2017,50,1,'2017-10-03',NULL),(1313,92,10,2017,50,1,'2017-10-03',NULL),(1314,93,10,2017,50,1,'2017-10-03',NULL),(1315,94,10,2017,100,1,'2017-10-03',NULL),(1316,95,10,2017,50,1,'2017-10-03',NULL),(1317,96,10,2017,100,1,'2017-10-03',NULL),(1318,97,10,2017,50,1,'2017-10-03',NULL),(1319,98,10,2017,50,1,'2017-10-03',NULL),(1320,99,10,2017,50,1,'2017-10-03',NULL),(1321,100,10,2017,50,1,'2017-10-03',NULL),(1322,101,10,2017,50,1,'2017-10-03',NULL),(1323,102,10,2017,50,1,'2017-10-03',NULL),(1324,103,10,2017,50,1,'2017-10-03',NULL),(1325,104,10,2017,50,1,'2017-10-03',NULL),(1326,105,10,2017,50,1,'2017-10-03',NULL),(1327,106,10,2017,50,1,'2017-10-03',NULL),(1328,107,10,2017,50,1,'2017-10-03',NULL),(1329,108,10,2017,50,1,'2017-10-03',NULL),(1330,109,10,2017,50,1,'2017-10-03',NULL),(1331,110,10,2017,50,1,'2017-10-03',NULL),(1332,111,10,2017,50,1,'2017-10-03',NULL),(1333,112,10,2017,100,1,'2017-10-03',NULL),(1334,113,10,2017,50,1,'2017-10-03',NULL),(1335,114,10,2017,50,1,'2017-10-03',NULL),(1336,115,10,2017,50,1,'2017-10-03',NULL),(1337,116,10,2017,50,1,'2017-10-03',NULL),(1338,117,10,2017,50,1,'2017-10-03',NULL),(1339,118,10,2017,50,1,'2017-10-03',NULL),(1340,119,10,2017,50,1,'2017-10-03',NULL),(1341,120,10,2017,50,1,'2017-10-03',NULL),(1342,121,10,2017,50,1,'2017-10-03',NULL),(1343,122,10,2017,50,1,'2017-10-03',NULL),(1344,123,10,2017,50,1,'2017-10-03',NULL),(1345,124,10,2017,100,1,'2017-10-03',NULL),(1346,125,10,2017,150,1,'2017-10-03',NULL),(1347,126,10,2017,50,1,'2017-10-03',NULL),(1348,127,10,2017,50,1,'2017-10-03',NULL),(1349,128,10,2017,50,1,'2017-10-03',NULL),(1350,129,10,2017,50,1,'2017-10-03',NULL),(1351,130,10,2017,50,1,'2017-10-03',NULL),(1352,131,10,2017,50,1,'2017-10-03',NULL),(1353,132,10,2017,50,1,'2017-10-03',NULL),(1354,133,10,2017,500,1,'2017-10-03',NULL),(1355,134,10,2017,1000,1,'2017-10-03',NULL),(1356,135,10,2017,50,1,'2017-10-03',NULL),(1357,136,10,2017,50,2,'2017-10-03','2017-11-02'),(1358,137,10,2017,50,1,'2017-10-03',NULL),(1359,138,10,2017,100,1,'2017-10-03',NULL),(1360,139,10,2017,50,1,'2017-10-03',NULL),(1361,140,10,2017,50,1,'2017-10-03',NULL),(1362,141,10,2017,100,1,'2017-10-03',NULL),(1363,143,10,2017,50,1,'2017-10-03',NULL),(1364,145,10,2017,50,1,'2017-10-03',NULL),(1365,146,10,2017,50,1,'2017-10-03',NULL),(1366,147,10,2017,50,1,'2017-10-03',NULL),(1367,148,10,2017,50,1,'2017-10-03',NULL),(1368,149,10,2017,50,1,'2017-10-03',NULL),(1369,150,10,2017,100,1,'2017-10-03',NULL),(1370,151,10,2017,50,1,'2017-10-03',NULL),(1371,152,10,2017,50,1,'2017-10-03',NULL),(1372,153,10,2017,50,1,'2017-10-03',NULL),(1373,154,10,2017,50,1,'2017-10-03',NULL),(1374,155,10,2017,50,2,'2017-10-03','2017-10-02'),(1375,156,10,2017,50,1,'2017-10-03',NULL),(1376,157,10,2017,50,1,'2017-10-03',NULL),(1377,158,10,2017,50,2,'2017-10-03','2017-10-02'),(1378,159,10,2017,50,2,'2017-10-03','2017-09-02'),(1379,160,10,2017,50,2,'2017-10-03','2017-10-02'),(1380,161,10,2017,50,2,'2017-10-03','2017-10-02'),(1381,162,10,2017,50,1,'2017-10-03',NULL),(1382,163,10,2017,50,1,'2017-10-03',NULL),(1383,166,10,2017,50,1,'2017-10-03',NULL),(1384,167,10,2017,50,1,'2017-10-03',NULL),(1385,168,10,2017,50,1,'2017-10-03',NULL),(1386,169,10,2017,50,1,'2017-10-03',NULL),(1387,170,10,2017,100,1,'2017-10-03',NULL),(1388,171,10,2017,50,1,'2017-10-03',NULL),(1389,172,10,2017,50,1,'2017-10-03',NULL),(1390,173,10,2017,50,1,'2017-10-03',NULL),(1391,174,10,2017,100,1,'2017-10-03',NULL),(1392,175,10,2017,100,1,'2017-10-03',NULL),(1393,176,10,2017,50,1,'2017-10-03',NULL),(1394,177,10,2017,50,2,'2017-10-03','2017-10-02'),(1395,179,10,2017,100,1,'2017-10-03',NULL),(1396,181,10,2017,1000,1,'2017-10-03',NULL),(1397,182,10,2017,30,1,'2017-10-03',NULL),(1398,183,10,2017,50,1,'2017-10-03',NULL),(1399,184,10,2017,50,1,'2017-10-03',NULL),(1400,186,10,2017,50,1,'2017-10-03',NULL),(1401,189,10,2017,50,1,'2017-10-03',NULL),(1402,190,10,2017,100,1,'2017-10-03',NULL),(1403,191,10,2017,50,1,'2017-10-03',NULL),(1404,192,10,2017,100,2,'2017-10-03','2017-07-02'),(1405,193,10,2017,50,2,'2017-10-03','2017-07-02'),(1406,194,10,2017,50,2,'2017-10-03','2017-07-02'),(1407,195,10,2017,50,2,'2017-10-03','2017-07-02'),(1408,196,10,2017,50,2,'2017-10-03','2017-07-02'),(1409,197,10,2017,1000,1,'2017-10-03',NULL),(1410,1,11,2017,150,1,'2017-10-31',NULL),(1411,2,11,2017,50,2,'2017-10-31','2017-11-05'),(1412,3,11,2017,50,1,'2017-10-31',NULL),(1413,4,11,2017,50,1,'2017-10-31',NULL),(1414,6,11,2017,50,1,'2017-10-31',NULL),(1415,7,11,2017,50,1,'2017-10-31',NULL),(1416,8,11,2017,50,1,'2017-10-31',NULL),(1417,9,11,2017,50,1,'2017-10-31',NULL),(1418,10,11,2017,50,1,'2017-10-31',NULL),(1419,11,11,2017,100,1,'2017-10-31',NULL),(1420,12,11,2017,50,1,'2017-10-31',NULL),(1421,13,11,2017,50,1,'2017-10-31',NULL),(1422,14,11,2017,50,1,'2017-10-31',NULL),(1423,15,11,2017,50,1,'2017-10-31',NULL),(1424,16,11,2017,50,1,'2017-10-31',NULL),(1425,17,11,2017,50,1,'2017-10-31',NULL),(1426,18,11,2017,50,1,'2017-10-31',NULL),(1427,19,11,2017,100,1,'2017-10-31',NULL),(1428,20,11,2017,100,1,'2017-10-31',NULL),(1429,21,11,2017,50,1,'2017-10-31',NULL),(1430,22,11,2017,50,1,'2017-10-31',NULL),(1431,23,11,2017,50,1,'2017-10-31',NULL),(1432,24,11,2017,150,1,'2017-10-31',NULL),(1433,25,11,2017,50,1,'2017-10-31',NULL),(1434,27,11,2017,50,1,'2017-10-31',NULL),(1435,28,11,2017,100,1,'2017-10-31',NULL),(1436,30,11,2017,50,1,'2017-10-31',NULL),(1437,31,11,2017,50,2,'2017-10-31','2017-11-02'),(1438,32,11,2017,50,1,'2017-10-31',NULL),(1439,33,11,2017,50,1,'2017-10-31',NULL),(1440,34,11,2017,50,1,'2017-10-31',NULL),(1441,35,11,2017,50,1,'2017-10-31',NULL),(1442,36,11,2017,50,1,'2017-10-31',NULL),(1443,37,11,2017,50,1,'2017-10-31',NULL),(1444,38,11,2017,50,1,'2017-10-31',NULL),(1445,39,11,2017,50,1,'2017-10-31',NULL),(1446,40,11,2017,100,1,'2017-10-31',NULL),(1447,41,11,2017,50,1,'2017-10-31',NULL),(1448,42,11,2017,50,1,'2017-10-31',NULL),(1449,43,11,2017,50,1,'2017-10-31',NULL),(1450,44,11,2017,50,1,'2017-10-31',NULL),(1451,45,11,2017,50,1,'2017-10-31',NULL),(1452,46,11,2017,50,1,'2017-10-31',NULL),(1453,48,11,2017,100,1,'2017-10-31',NULL),(1454,49,11,2017,50,1,'2017-10-31',NULL),(1455,50,11,2017,100,1,'2017-10-31',NULL),(1456,51,11,2017,50,1,'2017-10-31',NULL),(1457,52,11,2017,100,1,'2017-10-31',NULL),(1458,53,11,2017,50,1,'2017-10-31',NULL),(1459,55,11,2017,50,1,'2017-10-31',NULL),(1460,56,11,2017,70,1,'2017-10-31',NULL),(1461,57,11,2017,50,1,'2017-10-31',NULL),(1462,58,11,2017,50,1,'2017-10-31',NULL),(1463,59,11,2017,50,1,'2017-10-31',NULL),(1464,61,11,2017,50,1,'2017-10-31',NULL),(1465,62,11,2017,50,1,'2017-10-31',NULL),(1466,63,11,2017,50,1,'2017-10-31',NULL),(1467,64,11,2017,50,1,'2017-10-31',NULL),(1468,65,11,2017,50,1,'2017-10-31',NULL),(1469,66,11,2017,100,1,'2017-10-31',NULL),(1470,67,11,2017,100,1,'2017-10-31',NULL),(1471,69,11,2017,50,1,'2017-10-31',NULL),(1472,70,11,2017,100,1,'2017-10-31',NULL),(1473,71,11,2017,100,1,'2017-10-31',NULL),(1474,72,11,2017,50,1,'2017-10-31',NULL),(1475,73,11,2017,50,1,'2017-10-31',NULL),(1476,74,11,2017,50,1,'2017-10-31',NULL),(1477,75,11,2017,200,1,'2017-10-31',NULL),(1478,76,11,2017,50,1,'2017-10-31',NULL),(1479,77,11,2017,50,1,'2017-10-31',NULL),(1480,78,11,2017,50,1,'2017-10-31',NULL),(1481,80,11,2017,50,1,'2017-10-31',NULL),(1482,81,11,2017,50,1,'2017-10-31',NULL),(1483,82,11,2017,50,1,'2017-10-31',NULL),(1484,83,11,2017,100,1,'2017-10-31',NULL),(1485,84,11,2017,50,1,'2017-10-31',NULL),(1486,85,11,2017,50,1,'2017-10-31',NULL),(1487,86,11,2017,50,1,'2017-10-31',NULL),(1488,87,11,2017,50,1,'2017-10-31',NULL),(1489,88,11,2017,50,1,'2017-10-31',NULL),(1490,89,11,2017,200,1,'2017-10-31',NULL),(1491,90,11,2017,100,1,'2017-10-31',NULL),(1492,91,11,2017,50,1,'2017-10-31',NULL),(1493,92,11,2017,50,1,'2017-10-31',NULL),(1494,93,11,2017,50,1,'2017-10-31',NULL),(1495,94,11,2017,100,1,'2017-10-31',NULL),(1496,95,11,2017,50,1,'2017-10-31',NULL),(1497,96,11,2017,100,1,'2017-10-31',NULL),(1498,97,11,2017,50,1,'2017-10-31',NULL),(1499,98,11,2017,50,1,'2017-10-31',NULL),(1500,99,11,2017,50,1,'2017-10-31',NULL),(1501,100,11,2017,50,1,'2017-10-31',NULL),(1502,101,11,2017,50,1,'2017-10-31',NULL),(1503,102,11,2017,50,1,'2017-10-31',NULL),(1504,103,11,2017,50,1,'2017-10-31',NULL),(1505,104,11,2017,50,1,'2017-10-31',NULL),(1506,105,11,2017,50,1,'2017-10-31',NULL),(1507,106,11,2017,50,1,'2017-10-31',NULL),(1508,107,11,2017,50,1,'2017-10-31',NULL),(1509,108,11,2017,50,1,'2017-10-31',NULL),(1510,109,11,2017,50,1,'2017-10-31',NULL),(1511,110,11,2017,50,1,'2017-10-31',NULL),(1512,111,11,2017,50,1,'2017-10-31',NULL),(1513,112,11,2017,100,1,'2017-10-31',NULL),(1514,113,11,2017,50,1,'2017-10-31',NULL),(1515,114,11,2017,50,1,'2017-10-31',NULL),(1516,115,11,2017,50,1,'2017-10-31',NULL),(1517,116,11,2017,50,1,'2017-10-31',NULL),(1518,117,11,2017,50,1,'2017-10-31',NULL),(1519,118,11,2017,50,1,'2017-10-31',NULL),(1520,119,11,2017,50,1,'2017-10-31',NULL),(1521,120,11,2017,50,1,'2017-10-31',NULL),(1522,121,11,2017,50,1,'2017-10-31',NULL),(1523,122,11,2017,50,1,'2017-10-31',NULL),(1524,123,11,2017,50,1,'2017-10-31',NULL),(1525,124,11,2017,100,1,'2017-10-31',NULL),(1526,125,11,2017,150,1,'2017-10-31',NULL),(1527,126,11,2017,50,1,'2017-10-31',NULL),(1528,127,11,2017,50,1,'2017-10-31',NULL),(1529,128,11,2017,50,1,'2017-10-31',NULL),(1530,129,11,2017,50,1,'2017-10-31',NULL),(1531,130,11,2017,50,1,'2017-10-31',NULL),(1532,131,11,2017,50,1,'2017-10-31',NULL),(1533,132,11,2017,50,1,'2017-10-31',NULL),(1534,133,11,2017,500,1,'2017-10-31',NULL),(1535,134,11,2017,1000,1,'2017-10-31',NULL),(1536,135,11,2017,50,1,'2017-10-31',NULL),(1537,136,11,2017,50,1,'2017-10-31',NULL),(1538,137,11,2017,50,1,'2017-10-31',NULL),(1539,138,11,2017,100,1,'2017-10-31',NULL),(1540,139,11,2017,50,1,'2017-10-31',NULL),(1541,140,11,2017,50,1,'2017-10-31',NULL),(1542,141,11,2017,100,1,'2017-10-31',NULL),(1543,143,11,2017,50,1,'2017-10-31',NULL),(1544,145,11,2017,50,1,'2017-10-31',NULL),(1545,146,11,2017,50,1,'2017-10-31',NULL),(1546,147,11,2017,50,1,'2017-10-31',NULL),(1547,148,11,2017,50,1,'2017-10-31',NULL),(1548,149,11,2017,50,1,'2017-10-31',NULL),(1549,150,11,2017,100,1,'2017-10-31',NULL),(1550,151,11,2017,50,1,'2017-10-31',NULL),(1551,152,11,2017,50,1,'2017-10-31',NULL),(1552,153,11,2017,50,1,'2017-10-31',NULL),(1553,154,11,2017,50,1,'2017-10-31',NULL),(1554,155,11,2017,50,1,'2017-10-31',NULL),(1555,156,11,2017,50,1,'2017-10-31',NULL),(1556,157,11,2017,50,1,'2017-10-31',NULL),(1557,158,11,2017,50,1,'2017-10-31',NULL),(1558,159,11,2017,50,2,'2017-10-31','2017-10-02'),(1559,160,11,2017,50,1,'2017-10-31',NULL),(1560,161,11,2017,50,1,'2017-10-31',NULL),(1561,162,11,2017,50,1,'2017-10-31',NULL),(1562,163,11,2017,50,1,'2017-10-31',NULL),(1563,166,11,2017,50,1,'2017-10-31',NULL),(1564,167,11,2017,50,1,'2017-10-31',NULL),(1565,168,11,2017,50,1,'2017-10-31',NULL),(1566,169,11,2017,50,1,'2017-10-31',NULL),(1567,170,11,2017,100,1,'2017-10-31',NULL),(1568,171,11,2017,50,1,'2017-10-31',NULL),(1569,172,11,2017,50,1,'2017-10-31',NULL),(1570,173,11,2017,50,1,'2017-10-31',NULL),(1571,174,11,2017,100,1,'2017-10-31',NULL),(1572,175,11,2017,100,1,'2017-10-31',NULL),(1573,176,11,2017,50,1,'2017-10-31',NULL),(1574,177,11,2017,50,1,'2017-10-31',NULL),(1575,179,11,2017,100,1,'2017-10-31',NULL),(1576,181,11,2017,1000,1,'2017-10-31',NULL),(1577,182,11,2017,30,1,'2017-10-31',NULL),(1578,183,11,2017,50,1,'2017-10-31',NULL),(1579,184,11,2017,50,1,'2017-10-31',NULL),(1580,186,11,2017,50,1,'2017-10-31',NULL),(1581,189,11,2017,50,1,'2017-10-31',NULL),(1582,190,11,2017,100,1,'2017-10-31',NULL),(1583,191,11,2017,50,1,'2017-10-31',NULL),(1584,192,11,2017,100,2,'2017-10-31','2017-09-02'),(1585,193,11,2017,50,2,'2017-10-31','2017-07-02'),(1586,194,11,2017,50,1,'2017-10-31',NULL),(1587,195,11,2017,50,2,'2017-10-31','2017-07-02'),(1588,196,11,2017,50,2,'2017-10-31','2017-08-02'),(1589,197,11,2017,1000,1,'2017-10-31',NULL);
/*!40000 ALTER TABLE `cuotas` ENABLE KEYS */;
UNLOCK TABLES;

--
-- Table structure for table `movimientos`
--

DROP TABLE IF EXISTS `movimientos`;
/*!40101 SET @saved_cs_client     = @@character_set_client */;
/*!40101 SET character_set_client = utf8 */;
CREATE TABLE `movimientos` (
  `id_movimiento` int(11) NOT NULL AUTO_INCREMENT,
  `id_tipo_fk` tinyint(4) NOT NULL DEFAULT 0,
  `importe` double NOT NULL DEFAULT 0,
  `fecha` date NOT NULL,
  `concepto` varchar(50) NOT NULL DEFAULT '0',
  PRIMARY KEY (`id_movimiento`),
  KEY `tipo` (`id_tipo_fk`)
) ENGINE=InnoDB AUTO_INCREMENT=552 DEFAULT CHARSET=latin1;
/*!40101 SET character_set_client = @saved_cs_client */;

--
-- Dumping data for table `movimientos`
--

LOCK TABLES `movimientos` WRITE;
/*!40000 ALTER TABLE `movimientos` DISABLE KEYS */;
INSERT INTO `movimientos` VALUES (1,3,15576,'2017-09-12','Jubilacion'),(2,3,2000,'2017-09-14','Mensualidad'),(3,3,7900,'2017-09-18','Mensualidad'),(4,6,-25476,'2017-09-30','Entregado a Alba Viojo'),(13,1,50,'2017-11-17','Cuota contrib. Alcides Acosta'),(14,1,50,'2017-06-05','Cuota contrib. Alcides Acosta'),(15,1,50,'2017-07-05','Cuota contrib. Alcides Acosta'),(16,1,50,'2017-08-05','Cuota contrib. Alcides Acosta'),(17,1,50,'2017-09-05','Cuota contrib. Alcides Acosta'),(18,1,50,'2017-10-05','Cuota contrib. Alcides Acosta'),(19,1,50,'2017-11-05','Cuota contrib. Alcides Acosta'),(20,1,50,'2017-11-05','Cuota contrib. Alcides Acosta'),(21,1,50,'2017-06-05','Cuota contrib. Natalia Sánchez'),(22,1,50,'2017-06-05','Cuota contrib. Nelson Sánchez Correa'),(23,1,50,'2017-06-05','Cuota contrib. Mario Allío'),(24,1,50,'2017-06-05','Cuota contrib. Julia Silvera'),(25,1,50,'2017-06-05','Cuota contrib. Mariela Sosa'),(26,1,50,'2017-06-05','Cuota contrib. Raúl Fernández'),(27,1,50,'2017-06-05','Cuota contrib. Bettis Sarrailt'),(28,1,50,'2017-06-05','Cuota contrib. Elda Sarrailt'),(29,1,50,'2017-06-05','Cuota contrib. María Esther Sarrailt'),(30,1,50,'2017-06-05','Cuota contrib. Julio Silva Correa'),(31,1,50,'2017-06-05','Cuota contrib. Armando Elverdi'),(32,1,50,'2017-06-05','Cuota contrib. Violeta Barboza'),(33,1,100,'2017-06-05','Cuota contrib. Sebastián Elizondo'),(34,1,50,'2017-06-05','Cuota contrib. Federico Aispurú'),(35,1,50,'2017-06-05','Cuota contrib. Irma Gonnet'),(36,1,50,'2017-06-05','Cuota contrib. Antonio Fernández'),(37,1,50,'2017-06-05','Cuota contrib. Madel Sención'),(38,1,50,'2017-06-05','Cuota contrib. Antonio Fernández'),(39,1,50,'2017-06-05','Cuota contrib. Madel Sención'),(40,1,100,'2017-06-05','Cuota contrib. Nilda Velázquez'),(41,1,50,'2017-07-02','Cuota contrib. Estela Velázquez'),(42,1,50,'2017-07-02','Cuota contrib. Nelson Sánchez Correa'),(43,1,50,'2017-07-02','Cuota contrib. Natalia Sánchez'),(44,1,50,'2017-07-02','Cuota contrib. Elida De los Santos'),(45,1,50,'2017-07-02','Cuota contrib. Violeta Barboza'),(46,1,50,'2017-07-02','Cuota contrib. Zelmar Luzardo'),(47,1,50,'2017-07-02','Cuota contrib. Raquel Pereyra'),(48,1,50,'2017-07-02','Cuota contrib. Jorge Graña'),(49,1,50,'2017-07-02','Cuota contrib. Susana Ramos'),(50,1,50,'2017-07-02','Cuota contrib. Bettis Sarrailt'),(51,1,50,'2017-07-02','Cuota contrib. Elda Sarrailt'),(52,1,50,'2017-07-02','Cuota contrib. María Esther Sarrailt'),(53,1,50,'2017-07-02','Cuota contrib. Julio Silva Correa'),(54,1,50,'2017-07-02','Cuota contrib. Jorge Boronat'),(55,1,50,'2017-07-02','Cuota contrib. Edelweis Pons'),(56,1,50,'2017-07-02','Cuota contrib. Enrique Boronat'),(57,1,50,'2017-07-02','Cuota contrib. Lina Cabrera'),(58,1,50,'2017-07-02','Cuota contrib. Margarita Silva Picca'),(59,1,500,'2017-07-02','Cuota contrib. Rotary M'),(60,1,50,'2017-07-02','Cuota contrib. Andrea Rodríguez'),(61,1,50,'2017-07-02','Cuota contrib. Mario Allío'),(62,1,50,'2017-07-02','Cuota contrib. Julia Silvera'),(63,1,50,'2017-07-02','Cuota contrib. Chavela García'),(64,1,50,'2017-07-02','Cuota contrib. Flory Benech'),(65,1,50,'2017-07-02','Cuota contrib. Gloria García'),(66,1,50,'2017-07-02','Cuota contrib. Nelson Correa González'),(67,1,50,'2017-07-02','Cuota contrib. Alba Orrego'),(68,1,100,'2017-07-02','Cuota contrib. Luciana Puñales'),(69,1,50,'2017-07-02','Cuota contrib. Andrea Durán'),(70,1,100,'2017-07-02','Cuota contrib. Gustavo Acosta Pichuaga'),(71,1,100,'2017-07-02','Cuota contrib. Lindolfo nene Silvera'),(72,1,50,'2017-07-02','Cuota contrib. Carlos Caballero'),(73,1,50,'2017-07-02','Cuota contrib. Miriam Ciresa'),(74,1,100,'2017-07-02','Cuota contrib. Sandro Martínez'),(75,1,50,'2017-07-02','Cuota contrib. Graciela Olivera'),(76,1,50,'2017-07-02','Cuota contrib. Edelberto Pons'),(77,1,150,'2017-07-02','Cuota contrib. Francisca Pintos'),(78,1,50,'2017-07-02','Cuota contrib. Aurora Sepúlveda'),(79,1,50,'2017-07-02','Cuota contrib. Ernesto Barfeld'),(80,1,50,'2017-07-02','Cuota contrib. Julia Brun'),(81,1,100,'2017-07-02','Cuota contrib. Francisco Dianessi'),(82,1,50,'2017-07-02','Cuota contrib. Grisel Rodríguez'),(83,1,50,'2017-07-02','Cuota contrib. Armando Elverdi'),(84,1,50,'2017-07-02','Cuota contrib. Aurelia Ortega'),(85,1,100,'2017-07-02','Cuota contrib. Sebastián Elizondo'),(86,1,100,'2017-07-02','Cuota contrib. María del Carmen Velázquez'),(87,1,100,'2017-07-02','Cuota contrib. Alba Estela Rivero Fonseca'),(88,1,100,'2017-07-02','Cuota contrib. Pedro Aycaguer'),(89,1,50,'2017-07-02','Cuota contrib. Madel Sención'),(90,1,100,'2017-07-02','Cuota contrib. Nilda Velázquez'),(91,1,100,'2017-07-02','Cuota contrib. Mima Brun'),(92,1,50,'2017-07-02','Cuota contrib. Nylia Gonnet'),(93,1,50,'2017-07-02','Cuota contrib. Irma Gonnet'),(94,1,50,'2017-07-02','Cuota contrib. Daysi Silvera'),(95,1,50,'2017-07-02','Cuota contrib. María Dolores Moreno'),(96,1,150,'2017-07-02','Cuota contrib. Josefa Bonino'),(101,2,-15000,'2017-10-31','Entregado a Carolina'),(102,1,150,'2017-07-02','Cuota contrib. Josefa Bonino'),(103,1,50,'2017-07-02','Cuota contrib. Estela Velázquez'),(104,1,50,'2017-07-02','Cuota contrib. Elida De los Santos'),(105,1,50,'2017-07-02','Cuota contrib. Violeta Barboza'),(106,1,50,'2017-07-02','Cuota contrib. Zelmar Luzardo'),(107,1,50,'2017-07-02','Cuota contrib. Jorge Graña'),(108,1,50,'2017-07-02','Cuota contrib. Susana Ramos'),(109,1,50,'2017-07-02','Cuota contrib. Margot Ferreira'),(110,1,50,'2017-07-02','Cuota contrib. Mariela Sosa'),(111,1,50,'2017-07-02','Cuota contrib. Raúl Fernández'),(112,1,50,'2017-07-02','Cuota contrib. Bettis Sarrailt'),(113,1,50,'2017-07-02','Cuota contrib. Elda Sarrailt'),(114,1,50,'2017-07-02','Cuota contrib. Elda Sarrailt'),(115,1,50,'2017-07-02','Cuota contrib. María Esther Sarrailt'),(116,1,50,'2017-07-02','Cuota contrib. Julio Silva Correa'),(117,1,50,'2017-07-02','Cuota contrib. Enrique Boronat'),(118,1,50,'2017-07-02','Cuota contrib. Edelweis Pons'),(119,1,50,'2017-07-02','Cuota contrib. Enrique Boronat'),(120,1,50,'2017-07-02','Cuota contrib. Lina Cabrera'),(121,1,50,'2017-07-02','Cuota contrib. Margarita Silva Picca'),(122,1,500,'2017-07-02','Cuota contrib. Rotary M'),(123,1,50,'2017-07-02','Cuota contrib. Julia Silvera'),(124,1,50,'2017-07-02','Cuota contrib. Chavela García'),(125,1,50,'2017-07-02','Cuota contrib. Nelson Correa González'),(126,1,50,'2017-07-02','Cuota contrib. Alba Orrego'),(127,1,50,'2017-07-02','Cuota contrib. Heber Rodríguez'),(128,1,50,'2017-07-02','Cuota contrib. Anabella Olivera'),(129,1,50,'2017-07-02','Cuota contrib. Edinson Amarilla'),(130,1,100,'2017-07-02','Cuota contrib. Eliana Santos'),(131,1,100,'2017-07-02','Cuota contrib. Vilda Graña'),(132,1,50,'2017-07-02','Cuota contrib. Filomena Pereyra de Morales'),(133,1,50,'2017-07-02','Cuota contrib. Carlos Nieto'),(134,1,50,'2017-07-02','Cuota contrib. Gabriela González'),(135,1,100,'2017-07-02','Cuota contrib. Norma Pereira'),(136,1,50,'2017-07-02','Cuota contrib. Julio Denis'),(137,1,200,'2017-07-02','Cuota contrib. Atilio García'),(138,1,50,'2017-07-02','Cuota contrib. Luis Teles'),(139,1,100,'2017-07-02','Cuota contrib. Leticia Díaz'),(140,1,50,'2017-07-02','Cuota contrib. Sandra Olivera Echeto'),(141,1,50,'2017-07-02','Cuota contrib. Julio Olivera'),(142,1,50,'2017-07-02','Cuota contrib. Alicia Silvera'),(143,1,50,'2017-06-02','Cuota contrib. Orlando Allío'),(144,1,50,'2017-07-02','Cuota contrib. Orlando Allío'),(145,1,50,'2017-07-02','Cuota contrib. Doris Bonjour'),(146,1,50,'2017-07-02','Cuota contrib. Juana Rodríguez'),(147,1,50,'2017-07-02','Cuota contrib. Juan Carlos Fuentes'),(148,1,50,'2017-07-02','Cuota contrib. Diamantino Pereyra'),(149,1,100,'2017-07-02','Cuota contrib. Teresa Graña'),(150,1,100,'2017-07-02','Cuota contrib. Aurelia Graña'),(151,1,50,'2017-07-02','Cuota contrib. Inés Pérez'),(152,1,50,'2017-07-02','Cuota contrib. Talma Romero'),(153,1,50,'2017-07-02','Cuota contrib. Hilda Altez'),(154,1,200,'2017-07-02','Cuota contrib. Rosa Machado'),(155,1,50,'2017-07-02','Cuota contrib. Elda Larracharte'),(156,1,50,'2017-07-02','Cuota contrib. Antonia Pereyra'),(157,1,50,'2017-07-02','Cuota contrib. Daniel Campos'),(158,1,50,'2017-07-02','Cuota contrib. Julia Bachino'),(159,1,50,'2017-07-02','Cuota contrib. Sirley Silvera'),(160,1,50,'2017-07-02','Cuota contrib. Laura Techera'),(161,1,100,'2017-07-02','Cuota contrib. Dalvis Silvera'),(162,1,50,'2017-07-02','Cuota contrib. Rosaura Alayon'),(163,1,50,'2017-07-02','Cuota contrib. Iris Allío'),(164,1,50,'2017-07-02','Cuota contrib. Nelly Garcia'),(165,1,50,'2017-07-02','Cuota contrib. Yanet Correa'),(166,1,50,'2017-07-02','Cuota contrib. Jacinta Fernández'),(167,1,50,'2017-07-02','Cuota contrib. Edy Alonso'),(168,1,50,'2017-07-02','Cuota contrib. Graciela Prieto'),(169,1,100,'2017-06-05','Cuota contrib. Juana Terra'),(170,1,50,'2017-08-02','Cuota contrib. Luis Teles'),(171,1,50,'2017-08-02','Cuota contrib. Antonio Fernández'),(172,1,50,'2017-07-05','Cuota contrib. Diamantino Pereyra'),(173,1,50,'2017-08-05','Cuota contrib. Diamantino Pereyra'),(174,1,50,'2017-07-02','Cuota contrib. Nelly Saavedra'),(175,1,50,'2017-08-02','Cuota contrib. Nelly Saavedra'),(176,1,50,'2017-07-02','Cuota contrib. Helvecia Pons'),(177,1,50,'2017-08-02','Cuota contrib. Helvecia Pons'),(178,1,100,'2017-07-02','Cuota contrib. Angel Casella'),(179,1,100,'2017-08-02','Cuota contrib. Angel Casella'),(180,1,50,'2017-06-02','Cuota contrib. Vetita Vidal'),(181,1,50,'2017-07-02','Cuota contrib. Vetita Vidal'),(182,1,50,'2017-07-02','Cuota contrib. Neber Pereira'),(183,1,50,'2017-08-02','Cuota contrib. Neber Pereira'),(184,1,100,'2017-07-02','Cuota contrib. Juana Terra'),(185,1,50,'2017-06-02','Cuota contrib. Grisel Rodríguez'),(186,1,50,'2017-07-02','Cuota contrib. Margot Ferreira'),(187,1,50,'2017-08-02','Cuota contrib. Margot Ferreira'),(188,1,50,'2017-09-02','Cuota contrib. Margot Ferreira'),(189,1,50,'2017-10-02','Cuota contrib. Margot Ferreira'),(190,1,50,'2017-11-02','Cuota contrib. Margot Ferreira'),(191,1,50,'2017-08-02','Cuota contrib. Inés Pérez'),(192,1,50,'2017-08-02','Cuota contrib. Estela Brun'),(193,1,50,'2017-08-02','Cuota contrib. Estela González'),(194,1,50,'2017-09-02','Cuota contrib. Estela González'),(195,1,50,'2017-10-02','Cuota contrib. Estela González'),(196,1,50,'2017-11-02','Cuota contrib. Estela González'),(197,1,50,'2017-08-02','Cuota contrib. Zelmar Luzardo'),(198,1,50,'2017-08-02','Cuota contrib. Raquel Pereyra'),(199,1,50,'2017-08-02','Cuota contrib. Mario Allío'),(200,1,50,'2017-08-02','Cuota contrib. Julia Silvera'),(201,1,50,'2017-08-02','Cuota contrib. Chavela García'),(202,1,50,'2017-08-02','Cuota contrib. Violeta Barboza'),(203,1,100,'2017-08-02','Cuota contrib. Nilda Velázquez'),(204,1,50,'2017-08-02','Cuota contrib. Enrique Boronat'),(205,1,500,'2017-08-02','Cuota contrib. Rotary M'),(206,1,50,'2017-08-02','Cuota contrib. Andrea Durán'),(207,1,50,'2017-08-02','Cuota contrib. Patricia Correa'),(208,1,50,'2017-08-02','Cuota contrib. Raúl Fernández'),(209,1,50,'2017-08-02','Cuota contrib. Bettis Sarrailt'),(210,1,50,'2017-08-02','Cuota contrib. Elda Sarrailt'),(211,1,50,'2017-08-02','Cuota contrib. María Esther Sarrailt'),(212,1,50,'2017-08-02','Cuota contrib. Julio Silva Correa'),(213,1,50,'2017-08-02','Cuota contrib. Mariela Sosa'),(214,1,100,'2017-08-02','Cuota contrib. Francisco Dianessi'),(215,1,100,'2017-08-02','Cuota contrib. María del Carmen Velázquez'),(216,1,50,'2017-08-02','Cuota contrib. Daysi Silvera'),(217,1,50,'2017-08-02','Cuota contrib. Aurelia Ortega'),(218,1,50,'2017-08-02','Cuota contrib. Antonia Pereyra'),(219,1,50,'2017-08-02','Cuota contrib. Elda Larracharte'),(220,1,100,'2017-08-02','Cuota contrib. Norma Pereira'),(221,1,50,'2017-08-02','Cuota contrib. Juana Rodríguez'),(222,1,50,'2017-07-02','Cuota contrib. Heber Beledo'),(223,1,50,'2017-08-02','Cuota contrib. Heber Beledo'),(224,1,50,'2017-08-02','Cuota contrib. Filomena Pereyra de Morales'),(225,1,50,'2017-08-02','Cuota contrib. Gabriela González'),(226,1,50,'2017-08-02','Cuota contrib. Carlos Caballero'),(227,1,50,'2017-08-02','Cuota contrib. Yanet Correa'),(228,1,50,'2017-06-02','Cuota contrib. Carlos Nieto'),(229,1,50,'2017-07-02','Cuota contrib. Carlos Nieto'),(230,1,50,'2017-08-02','Cuota contrib. Carlos Nieto'),(231,1,50,'2017-08-02','Cuota contrib. Antonia Pereyra'),(232,1,50,'2017-08-02','Cuota contrib. Elda Larracharte'),(233,1,100,'2017-08-02','Cuota contrib. Norma Pereira'),(234,1,50,'2017-08-02','Cuota contrib. Juana Rodríguez'),(235,1,50,'2017-09-02','Cuota contrib. Juana Rodríguez'),(236,1,50,'2017-08-02','Cuota contrib. Filomena Pereyra de Morales'),(237,1,50,'2017-08-02','Cuota contrib. Gabriela González'),(238,1,50,'2017-08-02','Cuota contrib. Carlos Caballero'),(239,1,50,'2017-08-02','Cuota contrib. Yanet Correa'),(240,1,50,'2017-08-02','Cuota contrib. Carlos Nieto'),(241,1,150,'2017-08-02','Cuota contrib. Josefa Bonino'),(242,1,50,'2017-08-02','Cuota contrib. Heber Rodríguez'),(243,1,50,'2017-08-02','Cuota contrib. Edinson Amarilla'),(244,1,100,'2017-08-02','Cuota contrib. Eliana Santos'),(245,1,100,'2017-08-02','Cuota contrib. Vilda Graña'),(246,1,50,'2017-08-02','Cuota contrib. Estela Brun'),(247,1,50,'2017-09-02','Cuota contrib. Estela Brun'),(248,1,50,'2017-08-02','Cuota contrib. Graciela Prieto'),(249,1,50,'2017-08-02','Cuota contrib. Nylia Gonnet'),(250,1,50,'2017-08-02','Cuota contrib. Graciela Olivera'),(251,1,50,'2017-08-02','Cuota contrib. Edelberto Pons'),(252,1,150,'2017-08-02','Cuota contrib. Francisca Pintos'),(253,1,50,'2017-08-02','Cuota contrib. Rafael Cardozo'),(254,1,50,'2017-08-02','Cuota contrib. Flory Benech'),(255,1,50,'2017-08-02','Cuota contrib. Armando Elverdi'),(256,1,100,'2017-08-02','Cuota contrib. Aurelia Graña'),(257,1,50,'2017-08-02','Cuota contrib. Sonia Vidal'),(258,1,50,'2017-08-02','Cuota contrib. Vilma Sorozabal'),(259,1,50,'2017-07-02','Cuota contrib. María Ricardi'),(260,1,50,'2017-08-02','Cuota contrib. María Ricardi'),(261,1,50,'2017-08-02','Cuota contrib. Julio Olivera'),(262,1,50,'2017-06-05','Cuota contrib. Elda Morales'),(263,1,50,'2017-07-02','Cuota contrib. Elda Morales'),(264,1,50,'2017-08-02','Cuota contrib. Elda Morales'),(265,1,50,'2017-08-02','Cuota contrib. Antonio Fernández'),(266,1,50,'2017-08-02','Cuota contrib. Luis Teles'),(267,1,50,'2017-08-02','Cuota contrib. Nelson Correa González'),(268,1,200,'2017-08-02','Cuota contrib. Rosa Machado'),(269,1,50,'2017-08-02','Cuota contrib. Sirley Silvera'),(270,1,50,'2017-08-02','Cuota contrib. Sandra Olivera Echeto'),(271,1,100,'2017-08-02','Cuota contrib. Leticia Díaz'),(272,1,50,'2017-08-02','Cuota contrib. Alicia Silvera'),(273,1,50,'2017-08-02','Cuota contrib. Orlando Allío'),(274,1,50,'2017-08-02','Cuota contrib. Madel Sención'),(275,1,100,'2017-08-02','Cuota contrib. Dalvis Silvera'),(276,1,50,'2017-07-02','Cuota contrib. Diamantino Pereyra'),(277,1,50,'2017-08-02','Cuota contrib. Diamantino Pereyra'),(278,1,50,'2017-08-02','Cuota contrib. Juan Carlos Fuentes'),(279,1,50,'2017-08-02','Cuota contrib. Talma Romero'),(280,1,50,'2017-08-02','Cuota contrib. Talma Romero'),(281,1,100,'2017-08-02','Cuota contrib. Luciana Puñales'),(282,1,50,'2017-08-02','Cuota contrib. José Luis Estol'),(283,1,100,'2017-08-02','Cuota contrib. Pedro Aycaguer'),(284,1,100,'2017-08-02','Cuota contrib. Alba Estela Rivero Fonseca'),(285,1,50,'2017-08-02','Cuota contrib. Rosaura Alayon'),(286,1,50,'2017-08-02','Cuota contrib. Laura Techera'),(287,1,50,'2017-08-02','Cuota contrib. Julia Bachino'),(288,1,50,'2017-08-02','Cuota contrib. Ernesto Barfeld'),(289,1,50,'2017-08-02','Cuota contrib. Julia Brun'),(290,1,50,'2017-08-02','Cuota contrib. Doris Bonjour'),(291,1,50,'2017-08-02','Cuota contrib. Elida De los Santos'),(292,1,50,'2017-08-02','Cuota contrib. Nelson Sánchez Correa'),(293,1,50,'2017-08-02','Cuota contrib. Natalia Sánchez'),(294,1,50,'2017-08-02','Cuota contrib. Andrea Rodríguez'),(295,1,100,'2017-08-02','Cuota contrib. Mima Brun'),(296,1,50,'2017-08-02','Cuota contrib. Nelly Saavedra'),(297,1,50,'2017-09-02','Cuota contrib. Andrea Rodríguez'),(298,1,50,'2017-10-02','Cuota contrib. Andrea Rodríguez'),(299,1,50,'2017-11-02','Cuota contrib. Andrea Rodríguez'),(300,1,50,'2017-07-02','Cuota contrib. Nelly Saavedra'),(301,1,100,'2017-08-02','Cuota contrib. Sebastián Elizondo'),(302,1,50,'2017-08-02','Cuota contrib. Jorge Graña'),(303,1,50,'2017-08-02','Cuota contrib. Susana Ramos'),(304,1,50,'2017-07-02','Cuota contrib. Helvecia Pons'),(305,1,50,'2017-08-02','Cuota contrib. Helvecia Pons'),(306,1,50,'2017-07-02','Cuota contrib. Liga Femenina Valdense'),(307,1,50,'2017-08-02','Cuota contrib. Liga Femenina Valdense'),(308,1,70,'2017-07-02','Cuota contrib. Gonzalo Echeto'),(309,1,70,'2017-08-02','Cuota contrib. Gonzalo Echeto'),(310,1,50,'2017-08-02','Cuota contrib. Anabella Olivera'),(311,1,50,'2017-08-02','Cuota contrib. Edy Alonso'),(312,1,50,'2017-08-02','Cuota contrib. Julio Denis'),(313,1,50,'2017-08-02','Cuota contrib. María Dolores Moreno'),(314,1,50,'2017-08-02','Cuota contrib. Irma Gonnet'),(315,1,100,'2017-08-02','Cuota contrib. Angel Casella'),(316,1,100,'2017-07-02','Cuota contrib. Angélica Viojo'),(317,1,50,'2017-07-02','Cuota contrib. Nélida Morales'),(318,1,50,'2017-06-02','Cuota contrib. Vetita Vidal'),(319,1,50,'2017-07-02','Cuota contrib. Vetita Vidal'),(320,1,50,'2017-07-02','Cuota contrib. Neber Pereira'),(321,1,50,'2017-08-02','Cuota contrib. Neber Pereira'),(322,1,100,'2017-07-02','Cuota contrib. Juana Terra'),(323,1,100,'2017-08-02','Cuota contrib. Teresa Graña'),(324,1,100,'2017-09-02','Cuota contrib. Teresa Graña'),(325,1,50,'2017-09-02','Cuota contrib. Violeta Barboza'),(326,1,100,'2017-09-02','Cuota contrib. Nilda Velázquez'),(327,1,50,'2017-08-02','Cuota contrib. Hilda Altez'),(328,1,50,'2017-09-02','Cuota contrib. Hilda Altez'),(329,1,100,'2017-09-02','Cuota contrib. Aurelia Graña'),(330,1,50,'2017-09-02','Cuota contrib. Julio Silva Correa'),(331,1,50,'2017-09-02','Cuota contrib. María Esther Sarrailt'),(332,1,50,'2017-09-02','Cuota contrib. Bettis Sarrailt'),(333,1,50,'2017-09-02','Cuota contrib. Elda Sarrailt'),(334,1,50,'2017-09-02','Cuota contrib. Raúl Fernández'),(335,1,50,'2017-09-02','Cuota contrib. Madel Sención'),(336,1,100,'2017-09-02','Cuota contrib. Francisco Dianessi'),(337,1,100,'2017-09-02','Cuota contrib. Sebastián Elizondo'),(338,1,50,'2017-09-02','Cuota contrib. Yanet Correa'),(339,1,50,'2017-09-02','Cuota contrib. Gabriela González'),(340,1,50,'2017-09-02','Cuota contrib. Carlos Caballero'),(341,1,50,'2017-09-02','Cuota contrib. Mario Allío'),(342,1,50,'2017-09-02','Cuota contrib. Julia Silvera'),(343,1,50,'2017-09-02','Cuota contrib. Filomena Pereyra de Morales'),(344,1,50,'2017-09-02','Cuota contrib. Chavela García'),(345,1,50,'2017-09-02','Cuota contrib. Irma Gonnet'),(346,1,50,'2017-09-02','Cuota contrib. Daysi Silvera'),(347,1,50,'2017-09-02','Cuota contrib. Vetita Vidal'),(348,1,50,'2017-09-02','Cuota contrib. Jorge Boronat'),(349,1,50,'2017-09-02','Cuota contrib. Edelweis Pons'),(350,1,50,'2017-09-02','Cuota contrib. Enrique Boronat'),(351,1,50,'2017-09-02','Cuota contrib. José Luis Estol'),(352,1,50,'2017-09-02','Cuota contrib. Juan Carlos Fuentes'),(353,1,50,'2017-09-02','Cuota contrib. Nelson Sánchez Correa'),(354,1,50,'2017-09-02','Cuota contrib. Natalia Sánchez'),(355,1,50,'2017-09-02','Cuota contrib. Elida De los Santos'),(356,1,50,'2017-09-02','Cuota contrib. Talma Romero'),(357,1,50,'2017-09-02','Cuota contrib. Graciela Olivera'),(358,1,50,'2017-09-02','Cuota contrib. Edelberto Pons'),(359,1,150,'2017-09-02','Cuota contrib. Francisca Pintos'),(360,1,50,'2017-09-02','Cuota contrib. Vilma Sorozabal'),(361,1,150,'2017-09-02','Cuota contrib. Josefa Bonino'),(362,1,50,'2017-09-02','Cuota contrib. Heber Rodríguez'),(363,1,100,'2017-09-02','Cuota contrib. Vilda Graña'),(364,1,100,'2017-09-02','Cuota contrib. Eliana Santos'),(365,1,50,'2017-09-02','Cuota contrib. Edinson Amarilla'),(366,1,100,'2017-09-02','Cuota contrib. Angel Casella'),(367,1,50,'2017-09-02','Cuota contrib. Zelmar Luzardo'),(368,1,50,'2017-09-02','Cuota contrib. Raquel Pereyra'),(369,1,50,'2017-09-02','Cuota contrib. Sirley Silvera'),(370,1,100,'2017-09-02','Cuota contrib. Leticia Díaz'),(371,1,50,'2017-09-02','Cuota contrib. Sandra Olivera Echeto'),(372,1,50,'2017-09-02','Cuota contrib. Laura Techera'),(373,1,50,'2017-09-02','Cuota contrib. Antonia Pereyra'),(374,1,50,'2017-09-02','Cuota contrib. Mirna Bareño'),(375,1,50,'2017-06-02','Cuota contrib. Mirna Bareño'),(376,1,50,'2017-07-02','Cuota contrib. Mirna Bareño'),(377,1,50,'2017-08-02','Cuota contrib. Mirna Bareño'),(378,1,50,'2017-10-02','Cuota contrib. Mirna Bareño'),(379,1,50,'2017-11-02','Cuota contrib. Mirna Bareño'),(380,1,200,'2017-09-02','Cuota contrib. Rosa Machado'),(381,1,50,'2017-09-02','Cuota contrib. Nelson Correa González'),(382,1,50,'2017-09-02','Cuota contrib. Elda Larracharte'),(383,1,50,'2017-09-02','Cuota contrib. Rosaura Alayon'),(384,1,100,'2017-08-02','Cuota contrib. Lindolfo nene Silvera'),(385,1,50,'2017-09-02','Cuota contrib. Aurelia Ortega'),(386,1,50,'2017-09-02','Cuota contrib. Anabella Olivera'),(387,1,50,'2017-09-02','Cuota contrib. Margarita Silva Picca'),(388,1,500,'2017-09-02','Cuota contrib. Rotary M'),(389,1,50,'2017-09-02','Cuota contrib. Julio Olivera'),(390,1,50,'2017-09-02','Cuota contrib. Mariela Sosa'),(391,1,100,'2017-09-02','Cuota contrib. Gustavo Acosta Pichuaga'),(392,1,70,'2017-09-02','Cuota contrib. Gonzalo Echeto'),(393,1,50,'2017-09-02','Cuota contrib. Diamantino Pereyra'),(394,1,50,'2017-09-02','Cuota contrib. Ernesto Barfeld'),(395,1,50,'2017-09-02','Cuota contrib. Julia Brun'),(396,1,50,'2017-09-02','Cuota contrib. Julia Bachino'),(397,1,100,'2017-09-02','Cuota contrib. Sandro Martínez'),(398,1,50,'2017-09-02','Cuota contrib. Miriam Ciresa'),(399,1,100,'2017-09-02','Cuota contrib. María del Carmen Velázquez'),(400,1,50,'2017-09-02','Cuota contrib. Julio Denis'),(401,1,50,'2017-09-02','Cuota contrib. María Dolores Moreno'),(402,1,50,'2017-09-02','Cuota contrib. Armando Elverdi'),(403,1,100,'2017-08-02','Cuota contrib. Juana Terra'),(404,1,50,'2017-06-05','Cuota contrib. Edgar Silveira'),(405,1,50,'2017-08-05','Cuota contrib. Iris Allío'),(406,1,50,'2017-09-05','Cuota contrib. Iris Allío'),(407,1,50,'2017-09-05','Cuota contrib. Graciela Prieto'),(408,1,50,'2017-09-05','Cuota contrib. Orlando Allío'),(409,1,50,'2017-09-05','Cuota contrib. Alicia Silvera'),(410,1,100,'2017-09-05','Cuota contrib. Alba Estela Rivero Fonseca'),(411,1,100,'2017-09-05','Cuota contrib. Pedro Aycaguer'),(412,1,50,'2017-09-05','Cuota contrib. Jorge Graña'),(413,1,50,'2017-09-05','Cuota contrib. Susana Ramos'),(414,1,50,'2017-08-02','Cuota contrib. Iris Allío'),(415,1,50,'2017-06-02','Cuota contrib. Edy Alonso'),(416,1,50,'2017-08-02','Cuota contrib. Natalia Sánchez'),(417,1,50,'2017-08-02','Cuota contrib. Mario Allío'),(418,1,50,'2017-08-02','Cuota contrib. Orlando Allío'),(419,1,50,'2017-08-02','Cuota contrib. Edy Alonso'),(420,1,50,'2017-08-02','Cuota contrib. Edy Alonso'),(421,1,100,'2017-06-02','Cuota contrib. Esteban Brun'),(422,1,50,'2017-06-02','Cuota contrib. Zelmar Luzardo'),(423,1,50,'2017-08-02','Cuota contrib. Zelmar Luzardo'),(424,1,50,'2017-08-02','Cuota contrib. Raquel Pereyra'),(425,1,50,'2017-08-02','Cuota contrib. Julia Silvera'),(426,1,100,'2017-08-02','Cuota contrib. Teresa Graña'),(427,1,100,'2017-09-02','Cuota contrib. Teresa Graña'),(428,1,100,'2017-09-02','Cuota contrib. Teresa Graña'),(429,1,50,'2017-08-02','Cuota contrib. Iris Allío'),(430,1,50,'2017-09-02','Cuota contrib. Iris Allío'),(431,1,50,'2017-09-02','Cuota contrib. Violeta Barboza'),(432,1,100,'2017-09-02','Cuota contrib. Nilda Velázquez'),(433,1,100,'2017-09-02','Cuota contrib. Nilda Velázquez'),(434,1,50,'2017-09-02','Cuota contrib. Hilda Altez'),(435,1,50,'2017-09-02','Cuota contrib. Hilda Altez'),(436,1,100,'2017-09-02','Cuota contrib. Aurelia Graña'),(437,1,50,'2017-08-02','Cuota contrib. Hilda Altez'),(438,1,50,'2017-09-02','Cuota contrib. Julio Silva Correa'),(439,1,50,'2017-09-02','Cuota contrib. María Esther Sarrailt'),(440,1,50,'2017-09-02','Cuota contrib. Bettis Sarrailt'),(441,1,50,'2017-09-02','Cuota contrib. Elda Sarrailt'),(442,1,50,'2017-08-02','Cuota contrib. Rosaura Alayon'),(443,1,50,'2017-09-02','Cuota contrib. Rosaura Alayon'),(444,1,50,'2017-10-02','Cuota contrib. Mirna Bareño'),(445,1,50,'2017-11-02','Cuota contrib. Mirna Bareño'),(446,1,50,'2017-09-02','Cuota contrib. Edy Alonso'),(447,1,100,'2017-08-02','Cuota contrib. Angélica Viojo'),(448,1,100,'2017-09-02','Cuota contrib. Angélica Viojo'),(449,1,50,'2017-08-02','Cuota contrib. Nélida Morales'),(450,1,50,'2017-09-02','Cuota contrib. Nélida Morales'),(451,1,100,'2017-09-02','Cuota contrib. Dalvis Silvera'),(452,1,100,'2017-09-02','Cuota contrib. Norma Pereira'),(453,1,100,'2017-10-02','Cuota contrib. Teresa Graña'),(454,1,50,'2017-10-02','Cuota contrib. Chavela García'),(455,1,50,'2017-10-02','Cuota contrib. Julia Silvera'),(456,1,50,'2017-10-02','Cuota contrib. Mario Allío'),(457,1,50,'2017-10-02','Cuota contrib. Raúl Fernández'),(458,1,50,'2017-10-02','Cuota contrib. Bettis Sarrailt'),(459,1,50,'2017-10-02','Cuota contrib. Elda Sarrailt'),(460,1,50,'2017-10-02','Cuota contrib. María Esther Sarrailt'),(461,1,50,'2017-10-02','Cuota contrib. Julio Silva Correa'),(462,1,50,'2017-10-02','Cuota contrib. Mariela Sosa'),(463,1,50,'2017-10-02','Cuota contrib. Irma Gonnet'),(464,1,50,'2017-10-02','Cuota contrib. Enrique Boronat'),(465,1,50,'2017-08-02','Cuota contrib. Gloria García'),(466,1,50,'2017-09-02','Cuota contrib. Gloria García'),(467,1,50,'2017-10-02','Cuota contrib. Gloria García'),(468,1,50,'2017-10-02','Cuota contrib. Vilma Sorozabal'),(469,1,50,'2017-10-02','Cuota contrib. Filomena Pereyra de Morales'),(470,1,100,'2017-10-02','Cuota contrib. Francisco Dianessi'),(471,1,500,'2017-10-02','Cuota contrib. Rotary M'),(472,1,50,'2017-10-02','Cuota contrib. Margarita Silva Picca'),(473,1,50,'2017-09-02','Cuota contrib. Juana Rodríguez'),(474,1,50,'2017-10-02','Cuota contrib. Juana Rodríguez'),(475,1,50,'2017-11-02','Cuota contrib. Juana Rodríguez'),(476,1,50,'2017-10-02','Cuota contrib. Aurelia Ortega'),(477,1,50,'2017-10-02','Cuota contrib. Anabella Olivera'),(478,1,100,'2017-09-02','Cuota contrib. Luciana Puñales'),(479,1,100,'2017-10-02','Cuota contrib. Luciana Puñales'),(480,1,50,'2017-10-02','Cuota contrib. Nelson Sánchez Correa'),(481,1,50,'2017-10-02','Cuota contrib. Elida De los Santos'),(482,1,50,'2017-10-02','Cuota contrib. Natalia Sánchez'),(483,1,50,'2017-10-02','Cuota contrib. José Luis Estol'),(484,1,50,'2017-10-02','Cuota contrib. Elda Larracharte'),(485,1,200,'2017-10-02','Cuota contrib. Rosa Machado'),(486,1,50,'2017-10-02','Cuota contrib. Antonia Pereyra'),(487,1,50,'2017-09-02','Cuota contrib. Rafael Cardozo'),(488,1,100,'2017-10-02','Cuota contrib. Sebastián Elizondo'),(489,1,50,'2017-10-02','Cuota contrib. Graciela Prieto'),(490,1,50,'2017-10-02','Cuota contrib. Edgar Silveira'),(491,1,150,'2017-10-02','Cuota contrib. Josefa Bonino'),(492,1,50,'2017-10-02','Cuota contrib. Heber Rodríguez'),(493,1,50,'2017-10-02','Cuota contrib. Violeta Barboza'),(494,1,50,'2017-10-02','Cuota contrib. Raquel Pereyra'),(495,1,50,'2017-10-02','Cuota contrib. Zelmar Luzardo'),(496,1,50,'2017-09-02','Cuota contrib. Flory Benech'),(497,1,50,'2017-10-02','Cuota contrib. Flory Benech'),(498,1,50,'2017-10-02','Cuota contrib. Alicia Silvera'),(499,1,50,'2017-10-02','Cuota contrib. Orlando Allío'),(500,1,100,'2017-09-02','Cuota contrib. Mima Brun'),(501,1,100,'2017-10-02','Cuota contrib. Mima Brun'),(502,1,50,'2017-10-02','Cuota contrib. Miriam Ciresa'),(503,1,100,'2017-10-02','Cuota contrib. Sandro Martínez'),(504,1,100,'2017-10-02','Cuota contrib. María del Carmen Velázquez'),(505,1,50,'2017-10-02','Cuota contrib. Edinson Amarilla'),(506,1,100,'2017-10-02','Cuota contrib. Vilda Graña'),(507,1,50,'2017-10-02','Cuota contrib. Graciela Olivera'),(508,1,50,'2017-10-02','Cuota contrib. Edelberto Pons'),(509,1,100,'2017-10-02','Cuota contrib. Aurelia Graña'),(510,1,50,'2017-10-02','Cuota contrib. Daysi Silvera'),(511,1,70,'2017-10-02','Cuota contrib. Gonzalo Echeto'),(512,1,100,'2017-10-02','Cuota contrib. Esteban Brun'),(513,1,50,'2017-10-02','Cuota contrib. Carlos Caballero'),(514,1,50,'2017-11-13','Cuota contrib. Estela Brun'),(515,1,50,'2017-10-02','Cuota contrib. Gabriela González'),(516,1,50,'2017-10-02','Cuota contrib. Sandra Olivera Echeto'),(517,1,50,'2017-10-02','Cuota contrib. Sirley Silvera'),(518,1,100,'2017-10-02','Cuota contrib. Leticia Díaz'),(519,1,50,'2017-06-05','Cuota contrib. Estela Velázquez'),(520,1,50,'2017-07-02','Cuota contrib. Estela Velázquez'),(521,1,50,'2017-10-02','Cuota contrib. Armando Elverdi'),(522,1,50,'2017-10-02','Cuota contrib. Laura Techera'),(523,1,50,'2017-09-02','Cuota contrib. Vetita Vidal'),(524,1,50,'2017-10-02','Cuota contrib. Vetita Vidal'),(525,1,50,'2017-10-02','Cuota contrib. Ernesto Barfeld'),(526,1,50,'2017-10-02','Cuota contrib. Julia Brun'),(527,2,-220,'2017-11-15','congelados'),(528,2,-500,'2017-11-08','congelados'),(529,2,-430,'2017-11-01','congelados'),(530,11,-2465,'2017-11-15',''),(531,11,-2125,'2017-11-08',''),(532,11,-2125,'2017-11-01',''),(533,12,-690,'2017-11-08',''),(534,12,-700,'2017-11-01',''),(535,12,-713,'2017-11-15',''),(536,2,-340,'2017-11-09','farmacia'),(537,2,-500,'2017-11-07','farmacia'),(538,2,-209,'2017-10-31','libreria'),(539,2,-512,'2017-11-09','libreria'),(540,2,-80,'2017-11-15','Sanavi'),(541,2,-2020,'2017-11-03','ecoferret'),(542,2,-245,'2017-11-06','ecoferret'),(543,2,-80,'2017-11-06','correo'),(544,2,-1785,'2017-11-10','claytor'),(545,2,-120,'2017-11-09','claytor'),(546,2,-4537,'2017-10-30','BSE'),(547,2,-33431,'2017-11-13','BPS'),(548,2,-110,'2017-11-10','EMDAL'),(549,5,-9792,'2017-09-05','natalia sanchez'),(550,5,-13570,'2017-09-05','alicia altez'),(551,5,-5019,'2017-09-05','fabiana lima');
/*!40000 ALTER TABLE `movimientos` ENABLE KEYS */;
UNLOCK TABLES;

--
-- Table structure for table `parientes`
--

DROP TABLE IF EXISTS `parientes`;
/*!40101 SET @saved_cs_client     = @@character_set_client */;
/*!40101 SET character_set_client = utf8 */;
CREATE TABLE `parientes` (
  `id_pariente` int(11) NOT NULL AUTO_INCREMENT,
  `nombre` varchar(80) NOT NULL DEFAULT '0',
  `id_residente_fk` int(11) NOT NULL DEFAULT 0,
  `parentezco` varchar(50) NOT NULL DEFAULT '0',
  `telefono` varchar(20) NOT NULL DEFAULT '0',
  `celular` varchar(20) NOT NULL DEFAULT '0',
  PRIMARY KEY (`id_pariente`)
) ENGINE=InnoDB AUTO_INCREMENT=7 DEFAULT CHARSET=utf8;
/*!40101 SET character_set_client = @saved_cs_client */;

--
-- Dumping data for table `parientes`
--

LOCK TABLES `parientes` WRITE;
/*!40000 ALTER TABLE `parientes` DISABLE KEYS */;
INSERT INTO `parientes` VALUES (5,'Raul Sosa',1,'Hijo','44506107','094168156'),(6,'Fabiana Sosa',1,'Nieta','0','092506172');
/*!40000 ALTER TABLE `parientes` ENABLE KEYS */;
UNLOCK TABLES;

--
-- Table structure for table `residentes`
--

DROP TABLE IF EXISTS `residentes`;
/*!40101 SET @saved_cs_client     = @@character_set_client */;
/*!40101 SET character_set_client = utf8 */;
CREATE TABLE `residentes` (
  `id_residente` int(11) NOT NULL AUTO_INCREMENT,
  `nombre` varchar(50) NOT NULL DEFAULT '0',
  `apellido` varchar(50) NOT NULL DEFAULT '0',
  `documento` varchar(15) NOT NULL DEFAULT '0',
  `fecha_nacimiento` date NOT NULL,
  `mutualista` varchar(50) NOT NULL DEFAULT '0',
  `cuidados` varchar(50) NOT NULL DEFAULT '0',
  `fecha_ingreso` date NOT NULL,
  `estado` tinyint(4) NOT NULL,
  `familiar` varchar(100) NOT NULL,
  `telefono` varchar(12) NOT NULL,
  `relacion` varchar(50) NOT NULL,
  `previsora` varchar(50) NOT NULL,
  `tel_previsora` varchar(12) NOT NULL,
  `tel_cuidado` varchar(24) NOT NULL,
  `tipo_ingreso` enum('J','P') NOT NULL,
  `domicilio` varchar(80) NOT NULL,
  PRIMARY KEY (`id_residente`),
  KEY `documento` (`documento`)
) ENGINE=InnoDB AUTO_INCREMENT=26 DEFAULT CHARSET=utf8;
/*!40101 SET character_set_client = @saved_cs_client */;

--
-- Dumping data for table `residentes`
--

LOCK TABLES `residentes` WRITE;
/*!40000 ALTER TABLE `residentes` DISABLE KEYS */;
INSERT INTO `residentes` VALUES (1,'Nora Edith','Alonzo','3676495-1','1936-05-26','COMERO','CIDEP','2015-05-21',1,'Raul Sosa ','094168156','Hijo','','','','J',''),(2,'Javier','Acuña','2881882-1','1948-08-06','ASSE','','2012-03-26',1,'Javier Acuña ','099409830','Hijo','si','','','P','Cebollati'),(3,'Eugenio','Maldonado Martinez','','1928-11-27','COMERO','CIDEP','2017-06-28',1,'Graciela Gonzales','099656591','sobrina','DEL ESTE','44567634','098986060','J',''),(4,'Juan Jose','Rodriguez','3386840-1','1949-08-06','COMERO','CIDEP','2014-08-07',1,'Luis Rodriguez','098545362','hermano','DEL ESTE','44567634','098986060','J',''),(5,'Iris Teresa','Bauza ','2892246-0','1947-05-28','COMERO','Vida','2017-08-01',1,'Carolina Ramirez','098618258','hija','Magisterial','','22043739','J',''),(6,'Atilia ','Correa','2921937-1','1932-02-24','COMERO','CIDEP','2013-08-20',1,'Victor-Luis','091065329 ','hijos','DEL ESTE','44567634','098986060','J',''),(7,'Carolina ','Etchevarriaga','3540572-8','1923-03-13','ASSE','','2011-06-15',1,'Ricardo Fernandez','099828756','Vecino','','','','J','Libertad entre Ansina y 1º de agosto'),(8,'Alberta','Hernandez','4227684-3','1938-04-23','ASSE','Vida','2006-05-01',1,'Jose Luis Hernandez','099238837','Hijo','DEL ESTE','44567634','22043739','P','Cebollati'),(9,'Renné','Pichuaga','2980867-7','1927-05-07','COMERO','','2015-03-21',1,'María Pichuaga','098782375','sobrina','','','','J','19 d Abril'),(10,'Ilda ','Navarro','4442744-0','1925-12-13','ASSE','','2017-02-07',1,'Amorin dr salud publica','','','intendencia','','','J',''),(11,'Aida Nelly','Lascano','3364689-5','1932-03-18','COMERO','CIDEP','2015-09-10',1,'Fernando Olivera','098196783','Hijo','','','098986060','J','Arigoni s/n'),(12,'Elba','Silvera','4104051-6','1936-03-11','ASSE','','2008-05-20',1,'Crispina de Avila','099346345','hija','DEL ESTE','44567634','','J','Costa de pelotas'),(13,'Sonia Velgui','Cabrera','3596640-7','1947-10-21','ASSE','CIDEP','2016-02-01',1,'No tiene','','','DEL ESTE','44567634','098986060','P','Rocha entre Libertad y Rincon'),(14,'Jose Luis','Rodriguez','3696404-6','1953-09-09','ASSE','','2013-05-20',1,'Ariel Rodriguez','092199792','hermano','','','','P',''),(15,'Santiago','Pereyra','2842119-3','1927-07-15','ASSE','CIDEP','2014-07-03',1,'Raquel Pereyra','099760378','hija','Moreno','44569128','098986060','J','Ansina'),(16,'Ladimir','Cabrera','2646860-2','1940-02-24','COMERO','Vida','2010-06-21',1,'María Moreno Cabrera','098728091','sobrina','DEL ESTE','44567634','29999314','J','19 de abril'),(17,'Ruben ','Viera','3692879-2','1932-04-17','ASSE','CIDEP','2017-08-22',1,'Ana ','099627951','hija','DEL ESTE','44567634','098986060','J','Barrio  Porvenir'),(18,'Noema ','Peralta','2737765-0','1926-08-06','ASSE','CIDEP','2012-03-31',1,'JuanCorrea','095271360','sobrino','DEL ESTE','44567634','098986060','J','Barrio Molino'),(19,'Araceli Eusevia','Perira Pintos','4114283-9','1932-08-14',' ASSE','Vida','2016-01-04',1,'Nestor de Avila','098638039','Hijo','DEL ESTE','44567634','22043739','J','25 de agosto'),(20,'Maria Elena','Ramirez','2540275-6','1937-12-09','ASSE','','2015-06-17',1,'Yoni Ramon','099994583','Hijo','Moreno','44569128','','J','19 de abril'),(21,'José','Moreno','4161574-1','1921-06-27','ASSE','CIDEP','0000-00-00',1,'Artigas','098993056','','DEL ESTE','44567634','098986060','J','Los Andaluces'),(22,'Milka','Rocha Cabrera','3420592-7','1937-08-14','COMERO','CIDEP','2017-10-02',1,'Cristina Sosa','091246387','sobrina','','','098986060','J',''),(23,'Berta','Silvera','3637830-0','1946-02-11','ASSE','','2015-11-20',1,'Wilson Silvera','095746654','hermano','','','','P','1º de agosto'),(24,'Teresa','Silvera','3781100-4','1941-11-08','ASSE','CIDEP','0000-00-00',1,'Cristina Mediros','099586284','hija','DEL ESTE','44567634','098986060','P','25 de agosto'),(25,'Maria ','Andrade','1438470-7','1924-06-11','COMERO','','0000-00-00',1,'Marta Murdoch','099027631','hija','','','','P','');
/*!40000 ALTER TABLE `residentes` ENABLE KEYS */;
UNLOCK TABLES;

--
-- Table structure for table `tipos_movimientos`
--

DROP TABLE IF EXISTS `tipos_movimientos`;
/*!40101 SET @saved_cs_client     = @@character_set_client */;
/*!40101 SET character_set_client = utf8 */;
CREATE TABLE `tipos_movimientos` (
  `id_tipo` int(11) NOT NULL AUTO_INCREMENT,
  `tipo` varchar(50) NOT NULL DEFAULT '0',
  `lado` enum('D','H') NOT NULL,
  PRIMARY KEY (`id_tipo`)
) ENGINE=InnoDB AUTO_INCREMENT=14 DEFAULT CHARSET=latin1;
/*!40101 SET character_set_client = @saved_cs_client */;

--
-- Dumping data for table `tipos_movimientos`
--

LOCK TABLES `tipos_movimientos` WRITE;
/*!40000 ALTER TABLE `tipos_movimientos` DISABLE KEYS */;
INSERT INTO `tipos_movimientos` VALUES (1,'Cuota','D'),(2,'Gasto','H'),(3,'Ingreso x residente','D'),(4,'Donaciones','D'),(5,'Sueldos','H'),(6,'Entregado x deposito','H'),(7,'Devolucion 20% residentes','H'),(8,'Panaderia','H'),(9,'Carniceria','H'),(10,'Verduleria','H'),(11,'Pollos','H'),(12,'Pescaderia','H'),(13,'Distribuidora Leo','H');
/*!40000 ALTER TABLE `tipos_movimientos` ENABLE KEYS */;
UNLOCK TABLES;

--
-- Table structure for table `usuarios`
--

DROP TABLE IF EXISTS `usuarios`;
/*!40101 SET @saved_cs_client     = @@character_set_client */;
/*!40101 SET character_set_client = utf8 */;
CREATE TABLE `usuarios` (
  `id_usuario` int(11) NOT NULL AUTO_INCREMENT,
  `nombre` varchar(50) NOT NULL DEFAULT '0',
  `apellido` varchar(50) NOT NULL DEFAULT '0',
  `username` varchar(50) NOT NULL DEFAULT '0',
  `password` varchar(130) NOT NULL DEFAULT '0',
  `perfil` int(11) NOT NULL DEFAULT 0,
  PRIMARY KEY (`id_usuario`)
) ENGINE=InnoDB AUTO_INCREMENT=3 DEFAULT CHARSET=utf8;
/*!40101 SET character_set_client = @saved_cs_client */;

--
-- Dumping data for table `usuarios`
--

LOCK TABLES `usuarios` WRITE;
/*!40000 ALTER TABLE `usuarios` DISABLE KEYS */;
INSERT INTO `usuarios` VALUES (2,'Carolina','Silvera','carolina','$2a$10$wlIoDgqNGDVcm17.WWL9XOCItP/1vZ3tDvLYwnqQdANHelduQpKKG',1);
/*!40000 ALTER TABLE `usuarios` ENABLE KEYS */;
UNLOCK TABLES;
/*!40103 SET TIME_ZONE=@OLD_TIME_ZONE */;

/*!40101 SET SQL_MODE=@OLD_SQL_MODE */;
/*!40014 SET FOREIGN_KEY_CHECKS=@OLD_FOREIGN_KEY_CHECKS */;
/*!40014 SET UNIQUE_CHECKS=@OLD_UNIQUE_CHECKS */;
/*!40101 SET CHARACTER_SET_CLIENT=@OLD_CHARACTER_SET_CLIENT */;
/*!40101 SET CHARACTER_SET_RESULTS=@OLD_CHARACTER_SET_RESULTS */;
/*!40101 SET COLLATION_CONNECTION=@OLD_COLLATION_CONNECTION */;
/*!40111 SET SQL_NOTES=@OLD_SQL_NOTES */;

-- Dump completed on 2017-11-21 18:35:58
